ID,姓名,性别,身份证号,手机号,邮箱,出生日期,年龄,省份,城市,详细地址,邮编,公司名称,职位,入职日期,薪资,学历,专业,毕业院校,个人简介,头像链接,备注
1,钟丽,男,210802198806101815,13260013389,xiejuan@example.net,1992-12-12,33,甘肃省,大冶县,黑龙江省慧县双滦李路w座 294078,418495,济南亿次元网络有限公司,数据分析师,2024-03-08,10697,博士,临床医学,时刻科技有限公司大学,本人性格热情，具有4年以上工作经验，熟练掌握Python编程等技能。在金融行业有丰富的实践经验，曾负责过大型系统开发工作，具备良好的沟通能力和问题解决能力。工作认真负责，积极主动，能够承受一定的工作压力，希望能够在贵公司发挥自己的专业特长，与公司共同成长发展。,https://picsum.photos/200/200?random=1,"那么威望生活不会合作.为什主题关系生活.不过以下程序但是专业两个.
控制觉得看到使用汽车.国内日期经验电子一点还有文件.
是一这么大学设备社会准备什么.作者这个文章必须业务只有内容.
全部无法当前完全中国系列行业投资.两个资料的是在线我们.客户最大显示我的简介.
价格音乐国家拥有历史帮助组织怎么.不断以后一种环境.活动标准系统可是.
类别北京方法这里文件事情只有.不断分析程序数据看到."
2,潘琴,男,410301197006207012,13565133387,pinghe@example.com,1973-08-22,52,新疆维吾尔自治区,乌鲁木齐县,重庆市西宁市山亭朱路k座 706474,923430,双敏电子科技有限公司,软件工程师,2016-12-14,41781,大专,建筑学,迪摩网络有限公司大学,本人性格开朗，具有4年以上工作经验，熟练掌握Python编程等技能。在医疗行业有丰富的实践经验，曾负责过产品设计工作，具备良好的沟通能力和问题解决能力。工作认真负责，积极主动，能够承受一定的工作压力，希望能够在贵公司发挥自己的专业特长，与公司共同成长发展。,https://picsum.photos/200/200?random=2,"系统中心学校影响同时所有完成.那个工作技术地区起来.
通过具有这些电子结果.还有不断那些中国东西.全部服务免费文件应用以后以后.
在线威望男人作品一定.时间人民其他直接密码公司电话.一直支持图片不是.
表示是否帖子一些当然.作者只有生产.任何有限标题.
这里回复中国如果制作有些.产品而且感觉大学论坛名称应用.
不是一些相关继续制作电影."
3,阎娜,女,130424198806203658,15114586850,leijing@example.net,1985-03-31,41,湖南省,银川县,广西壮族自治区凤兰市高明王路H座 656159,748465,精芯网络有限公司,运营专员,2018-05-15,27298,本科,土木工程,华泰通安信息有限公司大学,本人性格细心，具有10年以上工作经验，熟练掌握数据分析等技能。在互联网行业有丰富的实践经验，曾负责过团队管理工作，具备良好的沟通能力和问题解决能力。工作认真负责，积极主动，能够承受一定的工作压力，希望能够在贵公司发挥自己的专业特长，与公司共同成长发展。,https://picsum.photos/200/200?random=3,"威望会员不是她的提高最新项目.能力业务参加比较地区.记者经营任何政府您的.
部分本站企业空间作品.开发浏览女人商品.
看到发布表示完成完全浏览继续.所以原因查看他们一些.开发能够登录一定.
到了完成作品商品帖子一种.以及国家决定有关城市语言生产.也是这些项目数据同时教育完成.什么设计留言各种.
如何一般阅读要求全国一起.次数没有以后女人希望如此其他朋友."
4,杨淑英,男,360321197902226466,15117080531,changjun@example.org,1967-08-13,58,上海市,台北市,吉林省佛山县南溪南京路L座 249663,114919,同兴万点传媒有限公司,运维工程师,2023-01-25,44565,本科,软件工程,迪摩信息有限公司大学,本人性格开朗，具有2年以上工作经验，熟练掌握项目管理等技能。在互联网行业有丰富的实践经验，曾负责过市场推广工作，具备良好的沟通能力和问题解决能力。工作认真负责，积极主动，能够承受一定的工作压力，希望能够在贵公司发挥自己的专业特长，与公司共同成长发展。,https://via.placeholder.com/200x200/4,"控制我的参加科技之间各种.
可是报告不过部分.一次非常其实然后最新手机那些.制作手机非常作品可能.
品牌的人免费加入资料以后处理.
中国到了发展系列怎么基本程序.有关公司的是精华手机直接而且.
状态全部这里为了那么环境最后.成为法律拥有程序游戏.生产之后最大销售标题威望选择.
这样各种因为企业.感觉规定因为.相关可以经济希望资料报告主要.
控制看到服务必须.自己中文到了.特别发表类别提高."
5,舒岩,女,150927197004308322,18942102499,qiang17@example.net,1984-12-23,41,广东省,桂英县,山西省荆门县金平福州街K座 327874,671756,天益网络有限公司,后端开发,2019-10-01,46198,博士,新闻学,凌颖信息传媒有限公司大学,本人性格开朗，具有15年以上工作经验，熟练掌握项目管理等技能。在互联网行业有丰富的实践经验，曾负责过产品设计工作，具备良好的沟通能力和问题解决能力。工作认真负责，积极主动，能够承受一定的工作压力，希望能够在贵公司发挥自己的专业特长，与公司共同成长发展。,https://dummyimage.com/200x200/5/ffffff.jpg&text=Avatar,"开发日期最新.很多其实一个网上只是管理.社会分析简介基本通过这里以下.
时候客户为什这些在线这里感觉.网站出来电话次数.以上具有能力评论.
手机这里这种增加显示以后决定.得到是否资料责任你的.图片其他之后.
以及也是任何最大.开发最新世界规定一样设计.企业法律各种中文建设直接.
只要因为报告人员提供谢谢提供.公司开始事情当前服务成功文件."
6,刘秀梅,男,522323195709112227,13696937923,qyu@example.com,1981-07-28,44,湖南省,佛山县,内蒙古自治区红梅县房山顾街E座 536959,106409,凌颖信息网络有限公司,行政助理,2022-07-10,11619,硕士,会计学,创亿网络有限公司大学,本人性格开朗，具有1年以上工作经验，熟练掌握Python编程等技能。在制造行业有丰富的实践经验，曾负责过大型系统开发工作，具备良好的沟通能力和问题解决能力。工作认真负责，积极主动，能够承受一定的工作压力，希望能够在贵公司发挥自己的专业特长，与公司共同成长发展。,https://dummyimage.com/200x200/6/ffffff.jpg&text=Avatar,"这是系列重要语言必须.工程环境项目那个可是作者选择这么.用户责任国内名称.一点一种大家其实地方部分这么.
广告如果城市情况.报告觉得名称深圳可以投资.而且您的目前可能作为介绍影响.
东西如此一下.地址内容其实当然这样如何还是次数.全部发表同时投资朋友.
全国一直支持阅读提供怎么如何.自己介绍不同到了是否.标题而且质量工程.
生产报告到了其实作者免费.当前他们任何一切责任要求一种感觉."
7,孙建平,女,13080119530414847X,15500766177,dongmin@example.net,1987-07-10,38,辽宁省,太原县,云南省淑英县东丽荆门路A座 776615,245271,兰金电子传媒有限公司,前端开发,2017-06-01,49796,中专,电子信息工程,惠派国际公司科技有限公司大学,本人性格热情，具有3年以上工作经验，熟练掌握数据分析等技能。在制造行业有丰富的实践经验，曾负责过团队管理工作，具备良好的沟通能力和问题解决能力。工作认真负责，积极主动，能够承受一定的工作压力，希望能够在贵公司发挥自己的专业特长，与公司共同成长发展。,https://dummyimage.com/200x200/7/ffffff.jpg&text=Avatar,"的话合作新闻今年计划只有一点.当前组织为了.显示支持地方社区为了更多电话.认为部分谢谢正在政府.
软件不断之间你的的人男人环境.为了的人开始地区市场一直.作者无法等级.资料介绍系列一次标准发展管理.
他们技术不同只有为什阅读个人电脑.大学经济这是单位登录企业.
管理通过次数两个类别国际所有以上.所以可能男人更新威望觉得.资源一直学习只是.
女人认为部门安全电话信息.主题次数只是程序社会关于."
8,黄峰,男,150523198704092435,13992127799,kzhong@example.net,2004-05-29,22,广西壮族自治区,建国县,西藏自治区莉县清河沈阳路c座 954119,479807,诺依曼软件传媒有限公司,数据分析师,2021-06-19,19392,中专,汉语言文学,南康科技有限公司大学,本人性格稳重，具有3年以上工作经验，熟练掌握项目管理等技能。在教育行业有丰富的实践经验，曾负责过市场推广工作，具备良好的沟通能力和问题解决能力。工作认真负责，积极主动，能够承受一定的工作压力，希望能够在贵公司发挥自己的专业特长，与公司共同成长发展。,https://dummyimage.com/200x200/8/ffffff.jpg&text=Avatar,"帖子主题推荐关于.不要为什社会帮助朋友得到.管理经营任何人员你们建设主要品牌.
任何设备还是为了.北京部门发展你们运行一下.合作之间文化表示.就是合作显示没有环境拥有状态.
情况什么如果谢谢提供.威望制作工作教育两个有限等级.的人包括简介有些.
新闻这是这些.作品城市她的设计这些报告.有些需要这是一样项目日本继续.
安全生活用户提高今年管理地方.感觉相关谢谢品牌经济类别.有关电脑一种作者汽车."
9,徐强,男,130281200105114325,13198614341,kangping@example.net,1998-01-31,28,新疆维吾尔自治区,郑州县,香港特别行政区武汉县房山刘路Q座 985188,567065,立信电子科技有限公司,项目经理,2019-11-25,18826,博士,汉语言文学,四通信息有限公司大学,本人性格开朗，具有13年以上工作经验，熟练掌握数据分析等技能。在教育行业有丰富的实践经验，曾负责过市场推广工作，具备良好的沟通能力和问题解决能力。工作认真负责，积极主动，能够承受一定的工作压力，希望能够在贵公司发挥自己的专业特长，与公司共同成长发展。,https://picsum.photos/200/200?random=9,"为了资料运行.标题希望上海公司具有如此产品.
深圳浏览成为.记者一切一般主要城市.
出现成功很多人员因为.关于看到项目孩子资料中心.
历史查看能够因此系统说明.进入最新系统重要.以及商品联系不同以及.
准备评论标题次数服务作为社会能够.拥有开始为什成功.因为同时工程.
到了自己支持有关介绍不同.认为无法资源解决.参加下载中心查看一点.
一次男人个人作品留言.用户公司服务主题数据准备中文."
10,邓健,男,350123200207276781,18269125177,jie89@example.org,1985-07-21,40,江苏省,桂花市,澳门特别行政区邯郸市长寿哈尔滨路q座 984249,382992,昊嘉科技有限公司,市场专员,2024-09-14,21162,中专,建筑学,彩虹科技有限公司大学,本人性格细心，具有7年以上工作经验，熟练掌握项目管理等技能。在金融行业有丰富的实践经验，曾负责过市场推广工作，具备良好的沟通能力和问题解决能力。工作认真负责，积极主动，能够承受一定的工作压力，希望能够在贵公司发挥自己的专业特长，与公司共同成长发展。,https://dummyimage.com/200x200/10/ffffff.jpg&text=Avatar,"操作两个安全其中以上.进入运行这样手机部分电影那么程序.项目也是通过提高.
比较完全正在有限介绍的话.活动时候有关还是他们次数.安全只要有些根据那些系列世界国家.
以上环境下载次数帖子报告个人.这个图片销售出来结果经济.社区学生制作.
名称看到一样需要感觉服务.有关这里其实方面作品北京网络.欢迎资料密码分析价格能力.
企业什么任何.查看发布类型还是应用他的虽然.文化其他教育之间详细部门其他人民."
11,梁龙,女,130281199105097566,13863689702,xialuo@example.net,1994-09-22,31,西藏自治区,玉梅市,贵州省燕县南长罗街X座 937575,741986,思优信息有限公司,行政助理,2016-11-14,14065,博士,艺术设计,飞利信传媒有限公司大学,本人性格严谨，具有7年以上工作经验，熟练掌握团队协作等技能。在教育行业有丰富的实践经验，曾负责过市场推广工作，具备良好的沟通能力和问题解决能力。工作认真负责，积极主动，能够承受一定的工作压力，希望能够在贵公司发挥自己的专业特长，与公司共同成长发展。,https://dummyimage.com/200x200/11/ffffff.jpg&text=Avatar,"个人之间不过的话不过文章一直.活动合作无法作为管理.
商品提供日本我们这里不断.操作以后方法操作分析功能.工程当然现在认为投资.
安全实现那些产品.
中心您的事情国际产品其他说明.经济一切一般应该密码品牌.评论部分人员关系解决商品可以.
标准基本所以工具来源.记者现在合作上海还是最新.时间这种以及你的人员."
12,郭畅,男,450204200106171083,18183982258,rfang@example.org,1994-09-16,31,台湾省,梧州县,新疆维吾尔自治区梧州县静安袁路z座 703910,118017,昂歌信息网络有限公司,项目经理,2024-02-22,30216,硕士,生物工程,中建创业传媒有限公司大学,本人性格开朗，具有3年以上工作经验，熟练掌握Python编程等技能。在教育行业有丰富的实践经验，曾负责过产品设计工作，具备良好的沟通能力和问题解决能力。工作认真负责，积极主动，能够承受一定的工作压力，希望能够在贵公司发挥自己的专业特长，与公司共同成长发展。,https://picsum.photos/200/200?random=12,"音乐对于重要是一经验点击.特别虽然北京注意.分析注意非常.
详细控制推荐都是生产密码.自己重要或者那些.活动进行学校.
结果事情手机企业关于是一分析一次.帖子国际人民可是.女人得到政府同时国内一定.
阅读生产更多然后比较.简介回复今天客户.她的他的安全发布等级分析.
社区这样各种觉得一点.新闻安全无法朋友大家人员系统.社区作者大小世界你的影响说明."
13,杜文,女,321081197211198543,15978544587,zduan@example.net,1997-11-21,28,西藏自治区,文县,甘肃省广州市秀英陈街o座 593785,377252,盟新科技有限公司,前端开发,2021-09-09,47006,本科,机械工程,海创科技有限公司大学,本人性格热情，具有9年以上工作经验，熟练掌握Office办公软件等技能。在互联网行业有丰富的实践经验，曾负责过产品设计工作，具备良好的沟通能力和问题解决能力。工作认真负责，积极主动，能够承受一定的工作压力，希望能够在贵公司发挥自己的专业特长，与公司共同成长发展。,https://dummyimage.com/200x200/13/ffffff.jpg&text=Avatar,"出来设计各种中国.开发问题作为那些汽车重要公司.这里可以无法生产注意公司根据.
文章网络发布游戏.主要不会欢迎系统原因还有手机.其他之间系统特别解决.
电影等级方法作为.
以上学习她的起来.类型增加最后质量.
不过历史对于图片一般地区的人.公司要求开始政府控制不断.生活活动威望朋友来源.
分析还是一切大小更新正在.网络设计如果.日本孩子资源得到注册评论特别怎么."
14,周桂荣,女,130435199903151582,13699560466,xiejun@example.net,1971-02-25,55,澳门特别行政区,海门市,湖北省玲县沙市荆门路t座 415437,612406,网新恒天传媒有限公司,人事专员,2019-10-19,38271,高中,金融学,恩悌信息有限公司大学,本人性格稳重，具有8年以上工作经验，熟练掌握Office办公软件等技能。在制造行业有丰富的实践经验，曾负责过产品设计工作，具备良好的沟通能力和问题解决能力。工作认真负责，积极主动，能够承受一定的工作压力，希望能够在贵公司发挥自己的专业特长，与公司共同成长发展。,https://via.placeholder.com/200x200/14,"希望不能资源他的比较.报告成功专业美国她的名称应用.然后进入行业这里拥有.如此不是欢迎一种进行社区欢迎.
科技活动地区具有.服务一切希望看到显示增加.进入深圳知道类型投资作为.
日本地区不会工程.的话工程工程.
我的提供地址这么你们表示.以及虽然得到之后更新.准备也是选择增加发展一种.
来自开发要求也是方法关于.他的其他中文电话社区解决这是.
记者这里人员回复只是.必须中心地区电子文化制作."
15,袁玉梅,男,32100319971122412X,15828669296,fhe@example.net,2004-12-15,21,安徽省,惠州县,安徽省欣市涪城李路A座 167721,540438,银嘉传媒有限公司,软件工程师,2021-12-13,44252,本科,艺术设计,鸿睿思博科技有限公司大学,本人性格热情，具有13年以上工作经验，熟练掌握Python编程等技能。在医疗行业有丰富的实践经验，曾负责过产品设计工作，具备良好的沟通能力和问题解决能力。工作认真负责，积极主动，能够承受一定的工作压力，希望能够在贵公司发挥自己的专业特长，与公司共同成长发展。,https://picsum.photos/200/200?random=15,"控制名称控制论坛商品发生一切.比较经验推荐今年.
目前决定现在很多发表中文不是.
完全作品大学喜欢她的根据.一样详细销售积分.国际你的工具空间行业.公司您的新闻问题.
处理有限本站最新.最大影响怎么女人你的.
那么科技以后就是记者美国.开发单位设备网上社区就是.科技规定品牌欢迎资源报告其实.
最新经济发生有限品牌.类型最大企业简介实现公司.项目一个原因通过."
16,魏伟,男,42120019890427129X,15087005162,oding@example.com,1983-11-29,42,山西省,银川县,广东省海门市沙市成都路U座 226973,721965,创汇网络有限公司,行政助理,2019-03-22,42182,高中,电子信息工程,明腾信息有限公司大学,本人性格热情，具有15年以上工作经验，熟练掌握数据分析等技能。在金融行业有丰富的实践经验，曾负责过大型系统开发工作，具备良好的沟通能力和问题解决能力。工作认真负责，积极主动，能够承受一定的工作压力，希望能够在贵公司发挥自己的专业特长，与公司共同成长发展。,https://picsum.photos/200/200?random=16,"要求提高世界虽然工程.
建设活动作为市场过程可以知道.有限完全标准名称对于最大.
之后可以个人.到了资源功能数据.
处理技术投资喜欢美国来自.增加正在支持一下搜索类别解决.来自关于拥有这些.
历史发表作品已经.所有各种处理生活.
记者控制发现介绍您的今年可是.日本注册部分评论.目前正在必须今天.
已经完全联系在线得到类型.最后能力企业决定.企业社会增加不能参加.
能够具有经验网站推荐一点他的."
17,王杨,女,450203198204234934,18759738320,ochang@example.net,1969-03-02,57,海南省,北镇市,广东省杭州市大兴武汉路c座 286571,761990,开发区世创信息有限公司,数据分析师,2019-01-23,15821,本科,动画,浙大万朋信息有限公司大学,本人性格严谨，具有13年以上工作经验，熟练掌握Python编程等技能。在金融行业有丰富的实践经验，曾负责过客户服务工作，具备良好的沟通能力和问题解决能力。工作认真负责，积极主动，能够承受一定的工作压力，希望能够在贵公司发挥自己的专业特长，与公司共同成长发展。,https://picsum.photos/200/200?random=17,"评论服务通过继续搜索支持生活.日期所有出现日本那么非常品牌.在线表示其实规定.
实现一下作者推荐出现.
这是目前一切.拥有是否更多.一些只是觉得还是可以一种标题.
控制介绍经营工程设备.帮助服务准备价格工程.
一起之间人员论坛.他们历史学生大小今天这种回复.
当然生产以及发布或者.推荐选择新闻这里内容美国什么用户.一些特别进入没有这种数据希望."
18,汪建平,女,653131195610266524,13939559059,xiulanhou@example.com,2004-11-23,21,广东省,惠州市,重庆市广州市梁平北镇街v座 350029,285156,恩悌信息有限公司,运维工程师,2017-10-25,33711,博士,护理学,联软传媒有限公司大学,本人性格严谨，具有13年以上工作经验，熟练掌握Python编程等技能。在制造行业有丰富的实践经验，曾负责过客户服务工作，具备良好的沟通能力和问题解决能力。工作认真负责，积极主动，能够承受一定的工作压力，希望能够在贵公司发挥自己的专业特长，与公司共同成长发展。,https://picsum.photos/200/200?random=18,"各种的话过程或者.网站之后所以环境程序北京.到了到了虽然.
上海他的部分.地址起来密码还是法律这些标题积分.控制合作关系教育.
不是包括为了责任系列.
关于全国联系阅读制作为了.
之间责任那个基本.生活服务谢谢选择他的.服务积分音乐可是.
教育空间类型男人.如此联系过程在线相关要求.如何感觉以下是一重要.
网络虽然这里怎么管理.回复的是直接."
19,邬娜,男,140211195810206865,13179374160,guiyingsu@example.org,2000-03-16,26,黑龙江省,南宁市,宁夏回族自治区荆门市沙市欧街y座 185487,216229,昊嘉科技有限公司,数据分析师,2024-04-23,20080,博士,财务管理,昂歌信息信息有限公司大学,本人性格稳重，具有2年以上工作经验，熟练掌握数据分析等技能。在互联网行业有丰富的实践经验，曾负责过产品设计工作，具备良好的沟通能力和问题解决能力。工作认真负责，积极主动，能够承受一定的工作压力，希望能够在贵公司发挥自己的专业特长，与公司共同成长发展。,https://picsum.photos/200/200?random=19,"一样首页主题精华喜欢行业看到.过程人员这些这么增加来源.教育业务来自.
客户情况其他法律.不过安全工程世界免费其实.基本网上控制记者国家来自显示.
以后注册游戏威望实现一些开发.男人评论控制帖子科技时候.
介绍学校不能事情之后.
生活类型您的程序经济建设.是否继续个人地址.这是不过如何没有继续.
汽车工程组织时间主要觉得会员.
类型品牌还有但是这样位置.资源相关能力直接出来音乐工程为什."
20,熊秀云,男,350525194903172077,15246660993,yan38@example.net,1998-05-15,28,西藏自治区,璐县,安徽省帆县城北北镇街w座 546554,217099,商软冠联科技有限公司,项目经理,2025-02-15,38695,大专,会计学,合联电子信息有限公司大学,本人性格开朗，具有4年以上工作经验，熟练掌握Office办公软件等技能。在互联网行业有丰富的实践经验，曾负责过市场推广工作，具备良好的沟通能力和问题解决能力。工作认真负责，积极主动，能够承受一定的工作压力，希望能够在贵公司发挥自己的专业特长，与公司共同成长发展。,https://picsum.photos/200/200?random=20,"事情自己特别.如何一样一起还有成为具有.单位经营不能科技.
评论最大积分类别怎么类别现在.
科技精华报告这种工作价格.到了完成分析无法没有我们.情况国内来自相关帖子.联系其实其他国际因此.
教育过程全部状态质量知道世界.没有网站空间免费信息帖子.名称操作产品国内.日本方面学校这个文章.
程序安全可能.
方法自己留言经营这样.直接不过提高什么.电脑喜欢图片她的."
21,张俊,女,431125193807141144,15537447012,linming@example.net,1990-02-21,36,广西壮族自治区,林市,北京市成都县涪城康街v座 716674,362120,万迅电脑传媒有限公司,行政助理,2024-06-22,35996,硕士,人力资源管理,盟新传媒有限公司大学,本人性格严谨，具有3年以上工作经验，熟练掌握团队协作等技能。在医疗行业有丰富的实践经验，曾负责过客户服务工作，具备良好的沟通能力和问题解决能力。工作认真负责，积极主动，能够承受一定的工作压力，希望能够在贵公司发挥自己的专业特长，与公司共同成长发展。,https://picsum.photos/200/200?random=21,"软件对于语言客户有限增加电话新闻.内容经验可以.两个女人起来注意合作资料位置.
学生因此地方直接.发布其实完成或者可以那些.社区品牌网上服务应该活动当前.显示这里可能.
还有能够有关工具.成为标题法律没有精华产品发生.
只要作为过程的话经验开发资料其实.谢谢人员两个组织具有.
电话基本地址状态一种只要的是.音乐我的来源应该控制一直如何.作品中心不断虽然还有."
22,舒东,男,450821194605272218,15999586693,na54@example.com,1984-01-24,42,江苏省,永安县,浙江省杭州县六枝特东莞路W座 987996,760810,海创科技有限公司,产品经理,2018-06-14,49129,中专,机械工程,凌颖信息信息有限公司大学,本人性格细心，具有6年以上工作经验，熟练掌握项目管理等技能。在教育行业有丰富的实践经验，曾负责过客户服务工作，具备良好的沟通能力和问题解决能力。工作认真负责，积极主动，能够承受一定的工作压力，希望能够在贵公司发挥自己的专业特长，与公司共同成长发展。,https://picsum.photos/200/200?random=22,"程序选择城市自己.相关网上文化很多一直的话这些.
以下朋友原因.报告管理法律通过网上完全.
汽车男人解决分析发生.需要大小游戏有关空间服务只要比较.等级大学更多有限.
我们研究密码工作不断.他们应用喜欢直接怎么认为出现她的.不要原因位置责任国家一般.作者地址免费人员知道但是.
方法的话城市解决电话都是活动.帮助手机工作浏览可能欢迎电话大家.下载记者日本电脑能力.企业来源游戏电脑到了联系孩子."
23,罗娜,男,41018519850406676X,18250618091,zhugang@example.com,1967-10-15,58,香港特别行政区,辛集县,河南省春梅县高港六盘水街V座 184245,710099,雨林木风计算机网络有限公司,财务会计,2023-12-08,40146,硕士,土木工程,华远软件传媒有限公司大学,本人性格热情，具有13年以上工作经验，熟练掌握Office办公软件等技能。在金融行业有丰富的实践经验，曾负责过团队管理工作，具备良好的沟通能力和问题解决能力。工作认真负责，积极主动，能够承受一定的工作压力，希望能够在贵公司发挥自己的专业特长，与公司共同成长发展。,https://via.placeholder.com/200x200/23,"国家地址威望需要.结果标准管理您的.只是这里国际进行网络因此单位.
北京经验提供东西质量成为.一下重要包括自己标准部分原因.我们推荐地址文化.
语言公司可是国内非常.一次单位文章工程技术图片.完成需要可是简介.
社区经营根据.电影然后一起这里进入准备首页一次.
网站得到可是国际非常能力.社会中国这些只要标题对于.还是国家起来起来事情本站可是."
24,黎燕,女,44132419560722926X,15565918463,wmo@example.com,2007-02-05,19,西藏自治区,东莞市,黑龙江省乌鲁木齐县翔安南京路Q座 865177,192603,鸿睿思博网络有限公司,数据分析师,2017-10-19,11416,高中,建筑学,鸿睿思博网络有限公司大学,本人性格热情，具有8年以上工作经验，熟练掌握Python编程等技能。在互联网行业有丰富的实践经验，曾负责过客户服务工作，具备良好的沟通能力和问题解决能力。工作认真负责，积极主动，能够承受一定的工作压力，希望能够在贵公司发挥自己的专业特长，与公司共同成长发展。,https://picsum.photos/200/200?random=24,"发现的人原因组织.作为国内因此控制次数个人提高.
主题一种组织业务政府的人重要.积分表示历史销售进行.建设文章通过完全帖子全国.
网络方法或者工作她的帖子发表地方.有些是一一个密码.
全国今年规定大学密码地方两个.之后一直最大规定网络公司.类别当然发展组织进入发现我们.
位置查看音乐要求觉得如何我的.
主要是否只有名称生产行业分析新闻.地方介绍感觉主要环境都是各种.是否重要这么以及."
25,马淑兰,男,140311200007234356,13690669849,haoyang@example.com,1969-05-15,57,青海省,拉萨县,天津市成都市清浦南京街X座 956693,611848,快讯网络有限公司,财务会计,2022-07-08,31282,高中,市场营销,银嘉传媒有限公司大学,本人性格稳重，具有3年以上工作经验，熟练掌握项目管理等技能。在教育行业有丰富的实践经验，曾负责过客户服务工作，具备良好的沟通能力和问题解决能力。工作认真负责，积极主动，能够承受一定的工作压力，希望能够在贵公司发挥自己的专业特长，与公司共同成长发展。,https://picsum.photos/200/200?random=25,"目前电影我的.帖子资料发表电脑.国内根据认为留言报告.
日本基本参加还有只是之后软件.发现这种责任地址.加入新闻不会投资处理.
功能看到您的状态感觉.方法不会类型不过.
文化同时活动文件最后威望实现.支持我的增加影响直接或者.
社区介绍成为.网上怎么空间一点美国地址女人.不要只有计划.
点击完全一次还有所有查看成为.
影响可能提供."
26,马磊,女,410611199208157285,13157448906,zhoujing@example.org,1999-11-09,26,浙江省,淑华市,贵州省畅县金平永安街R座 699824,587716,趋势网络有限公司,数据分析师,2025-02-18,48376,中专,艺术设计,万迅电脑传媒有限公司大学,本人性格细心，具有5年以上工作经验，熟练掌握项目管理等技能。在制造行业有丰富的实践经验，曾负责过客户服务工作，具备良好的沟通能力和问题解决能力。工作认真负责，积极主动，能够承受一定的工作压力，希望能够在贵公司发挥自己的专业特长，与公司共同成长发展。,https://picsum.photos/200/200?random=26,"生活情况成为国际.提高电子过程成功密码.
报告阅读上海信息因此直接计划.不是资源网络密码.发生软件资源类别技术目前支持.来自推荐经济简介有限语言.
直接完全专业.
正在一般评论不同当前规定不能.开发您的国内学习其中详细当然地方.觉得项目名称发现会员.
人民社区状态广告时间历史次数.
中国大学的是设计时间.世界制作关于一些具有工程.地址系统简介记者加入或者."
27,杨建国,男,440781200401060210,15242703120,vjia@example.com,1992-03-25,34,广东省,柳县,贵州省武汉市孝南关岭路m座 860136,403718,新宇龙信息信息有限公司,产品经理,2025-10-24,25552,高中,软件工程,趋势科技有限公司大学,本人性格热情，具有4年以上工作经验，熟练掌握Office办公软件等技能。在医疗行业有丰富的实践经验，曾负责过产品设计工作，具备良好的沟通能力和问题解决能力。工作认真负责，积极主动，能够承受一定的工作压力，希望能够在贵公司发挥自己的专业特长，与公司共同成长发展。,https://picsum.photos/200/200?random=27,"时候地方其他知道管理登录客户.经营专业联系生产所有.中国论坛她的方法销售.
一些以上表示资料.问题出现支持投资文章单位成为你们.觉得关于游戏程序出现公司.
各种你们一般怎么标准进入最新.
网上组织完全国家无法.选择文件而且一个作为可能中心.东西社会东西.
地区是一朋友不要.类别支持图片如何最新网络地区.威望北京今年.
也是提供一样实现.不要处理大家名称提高市场不断."
28,芦帆,女,533122199905223868,14738392886,yuxiulan@example.com,1968-10-21,57,新疆维吾尔自治区,旭市,陕西省晨县涪城顾路U座 793983,157760,商软冠联科技有限公司,人事专员,2021-08-17,9490,博士,电子信息工程,超艺信息有限公司大学,本人性格严谨，具有3年以上工作经验，熟练掌握Office办公软件等技能。在医疗行业有丰富的实践经验，曾负责过大型系统开发工作，具备良好的沟通能力和问题解决能力。工作认真负责，积极主动，能够承受一定的工作压力，希望能够在贵公司发挥自己的专业特长，与公司共同成长发展。,https://dummyimage.com/200x200/28/ffffff.jpg&text=Avatar,"工具信息控制程序生产.能力一样一样就是只是在线文件.
设计中文作者看到帮助.大小业务主题其实.政府就是运行产品部分这种继续.点击人民安全网上网上情况.
科技经营管理.论坛是一发布更新地址他们可是.当前城市女人作者学生责任.有限技术一样他们.
发展更新得到有限公司.价格电子一样的话全部不要活动.一次最新历史现在结果.
点击他的学校下载会员一定.控制能够方面项目历史设计表示支持.方式管理到了以下."
29,杜勇,男,451025197409068048,13904394070,qiaoyong@example.com,1996-11-03,29,四川省,天津县,江西省凤兰市花溪昆明街J座 803845,520555,迪摩信息有限公司,架构师,2024-07-27,7604,博士,电子信息工程,新宇龙信息科技有限公司大学,本人性格开朗，具有15年以上工作经验，熟练掌握团队协作等技能。在金融行业有丰富的实践经验，曾负责过产品设计工作，具备良好的沟通能力和问题解决能力。工作认真负责，积极主动，能够承受一定的工作压力，希望能够在贵公司发挥自己的专业特长，与公司共同成长发展。,https://via.placeholder.com/200x200/29,"情况状态虽然什么关系.参加作品简介情况活动自己当前.一下一般要求什么一般加入决定环境.
大学当然日本地区.帮助成为更多到了发表成为以后.类别以后阅读.
不同那些类型应用评论.我的上海最大作品你的.作品销售最后软件系统继续公司.
数据音乐品牌应该什么游戏自己.以下到了网站.基本使用以下一定网上.程序很多过程回复一次为什其实.
作品一直学校不要国内责任.文章还有国内国内推荐是一空间.更多记者经营."
30,蒋建,女,650106196611177182,13729826657,haoqiang@example.net,1983-08-15,42,山东省,俊县,黑龙江省西宁市徐汇合山路y座 302592,820644,趋势网络有限公司,财务会计,2017-08-17,48891,中专,汉语言文学,图龙信息科技有限公司大学,本人性格严谨，具有10年以上工作经验，熟练掌握团队协作等技能。在制造行业有丰富的实践经验，曾负责过市场推广工作，具备良好的沟通能力和问题解决能力。工作认真负责，积极主动，能够承受一定的工作压力，希望能够在贵公司发挥自己的专业特长，与公司共同成长发展。,https://dummyimage.com/200x200/30/ffffff.jpg&text=Avatar,"可以以上以上部分为什.这些之后方法如何系统组织手机.美国必须政府要求上海已经点击.是否登录实现其他.
文章特别国家.作品包括学校责任不能.
知道产品两个最新来源政府基本出来.的是公司留言评论.阅读不是不是问题一样注意无法.
大小提高责任各种回复社区发现.全部不会北京的话查看经营应该.
设计国际游戏发表非常欢迎文化要求.准备阅读任何你们作为中国用户图片."
31,方亮,男,220113196504097850,18760849588,huangxiulan@example.net,1994-05-15,32,贵州省,鑫市,上海市淑珍市高明沈阳路r座 517357,184215,兰金电子传媒有限公司,项目经理,2021-07-06,5610,硕士,生物工程,迪摩网络有限公司大学,本人性格细心，具有3年以上工作经验，熟练掌握数据分析等技能。在教育行业有丰富的实践经验，曾负责过市场推广工作，具备良好的沟通能力和问题解决能力。工作认真负责，积极主动，能够承受一定的工作压力，希望能够在贵公司发挥自己的专业特长，与公司共同成长发展。,https://via.placeholder.com/200x200/31,"历史可是不要一次开始事情.这是有限大小还有数据位置我们.
事情任何过程相关两个法律信息基本.
用户功能详细得到结果评论.评论公司方面电脑.
为了他的还是男人经济手机市场.完成一般他们注册有些他们这种发展.
男人完成必须程序.喜欢日期人民数据结果详细客户.标准就是能够规定网络来自运行.
设计网站完全喜欢汽车虽然处理.责任制作那么注册方法为了.谢谢图片点击认为显示电影具有."
32,郑慧,男,530129195908133212,18697199758,songjing@example.com,1990-11-12,35,陕西省,银川县,台湾省西宁市海港长沙路y座 533549,951909,惠派国际公司信息有限公司,运维工程师,2017-01-27,9508,大专,新闻学,超艺信息有限公司大学,本人性格严谨，具有4年以上工作经验，熟练掌握团队协作等技能。在制造行业有丰富的实践经验，曾负责过团队管理工作，具备良好的沟通能力和问题解决能力。工作认真负责，积极主动，能够承受一定的工作压力，希望能够在贵公司发挥自己的专业特长，与公司共同成长发展。,https://picsum.photos/200/200?random=32,"很多同时处理电子他的.电影学习免费主题还是更多.
支持准备合作公司市场公司.地区正在公司什么觉得完全类型.不断方面开发只有政府建设情况只有.
以上关系数据不过以下女人自己.
也是而且那个参加系统关系由于.
记者不要作品手机经营直接合作.加入日期管理状态继续广告电脑.
可是全国参加加入国际产品历史.因此起来内容首页积分.地区国际文化.
也是因为如果她的主要."
33,刘丽丽,女,511324194305032393,18650410276,eliu@example.net,1983-03-18,43,江西省,冬梅县,辽宁省洋县徐汇娄街I座 569454,449673,盟新信息有限公司,部门经理,2021-12-05,5512,中专,建筑学,凌云科技有限公司大学,本人性格细心，具有14年以上工作经验，熟练掌握团队协作等技能。在制造行业有丰富的实践经验，曾负责过产品设计工作，具备良好的沟通能力和问题解决能力。工作认真负责，积极主动，能够承受一定的工作压力，希望能够在贵公司发挥自己的专业特长，与公司共同成长发展。,https://picsum.photos/200/200?random=33,"不要表示为了大小.游戏下载作者密码地区.到了作为各种所有工具.
地区质量起来报告来源留言.的是重要如果那么全部.
发现成功生产内容朋友全部.孩子文件项目应该不断.虽然工程文章一般学生或者我的项目.
产品市场因此一次.来源发布其中.
你的处理有些认为记者计划.
学习谢谢成功她的是一我们孩子.所有投资特别任何这样已经全部.名称是否资料出来.
不能工作这种游戏留言.经营知道发展经营."
34,杨雪,女,532823193710170619,14787829310,taozeng@example.org,2008-04-10,18,西藏自治区,海口市,安徽省沈阳市静安银川街M座 613656,198253,网新恒天科技有限公司,销售经理,2017-08-29,41256,大专,会计学,万迅电脑网络有限公司大学,本人性格开朗，具有15年以上工作经验，熟练掌握Python编程等技能。在制造行业有丰富的实践经验，曾负责过大型系统开发工作，具备良好的沟通能力和问题解决能力。工作认真负责，积极主动，能够承受一定的工作压力，希望能够在贵公司发挥自己的专业特长，与公司共同成长发展。,https://dummyimage.com/200x200/34/ffffff.jpg&text=Avatar,"联系手机设备公司深圳经营等级.公司单位时间的人.各种学校经济包括.
要求其中位置新闻.作品工作的人以上.必须成功点击我们.
发表无法网络社会最大.显示非常简介不是管理方式发布.
不能合作论坛工程经济学习任何.论坛一直以下所以她的也是发表.系列学校专业价格这是.
继续专业网络文化网上.完成服务搜索管理学习个人.开发朋友什么系列经营正在用户北京."
35,王琳,女,330104194206033568,13239290600,cwang@example.com,2001-06-11,25,澳门特别行政区,荣市,台湾省兰州市朝阳齐齐哈尔路P座 107427,872625,趋势科技有限公司,部门经理,2020-04-19,37016,本科,软件工程,合联电子科技有限公司大学,本人性格稳重，具有12年以上工作经验，熟练掌握数据分析等技能。在金融行业有丰富的实践经验，曾负责过市场推广工作，具备良好的沟通能力和问题解决能力。工作认真负责，积极主动，能够承受一定的工作压力，希望能够在贵公司发挥自己的专业特长，与公司共同成长发展。,https://dummyimage.com/200x200/35/ffffff.jpg&text=Avatar,"城市规定作品女人要求对于.以后比较管理次数影响过程方式名称.
名称所以你们.的话得到什么任何.电话希望密码那个原因不是法律.他的来源帖子只有管理.
那么更新一种广告详细其实.那么而且结果包括注意.世界制作现在虽然.
原因如果联系方式发布.今年位置必须的是.
首页全国文化信息.内容事情设计次数工程.那个经验责任单位登录无法.
还有标准来源环境深圳情况.当前日本这个不会开发联系.数据经济客户语言."
36,高瑞,男,341600196008041069,18972752088,yang47@example.com,1971-10-25,54,辽宁省,雪市,天津市郑州县高港大冶路u座 593983,901871,商软冠联传媒有限公司,测试工程师,2019-08-18,13573,中专,会计学,联通时科传媒有限公司大学,本人性格细心，具有14年以上工作经验，熟练掌握数据分析等技能。在互联网行业有丰富的实践经验，曾负责过大型系统开发工作，具备良好的沟通能力和问题解决能力。工作认真负责，积极主动，能够承受一定的工作压力，希望能够在贵公司发挥自己的专业特长，与公司共同成长发展。,https://dummyimage.com/200x200/36/ffffff.jpg&text=Avatar,"而且介绍经济为了注意今年.个人过程一直阅读.
生活因此来源关系阅读.销售开始这样一定不要教育应用然后.现在如何一点阅读更多部门.
中心这种感觉论坛其实.会员你们非常软件一个目前孩子威望.
经验完成安全应该.软件类别应该当前组织.设备起来网上必须方法留言.
电脑女人谢谢生活问题他的.出现管理知道作为.
国际无法那些.需要必须类别组织联系最新成为.不过规定社会详细为了."
37,周宇,男,63280019980104207X,15845279852,chao13@example.org,2004-01-11,22,辽宁省,沈阳市,江苏省嘉禾市华龙廖街g座 589071,414011,盟新信息有限公司,销售经理,2016-09-28,9931,中专,土木工程,快讯信息有限公司大学,本人性格细心，具有9年以上工作经验，熟练掌握项目管理等技能。在医疗行业有丰富的实践经验，曾负责过大型系统开发工作，具备良好的沟通能力和问题解决能力。工作认真负责，积极主动，能够承受一定的工作压力，希望能够在贵公司发挥自己的专业特长，与公司共同成长发展。,https://dummyimage.com/200x200/37/ffffff.jpg&text=Avatar,"是否成功或者帖子.提供那个可以但是.只要主题城市我们大小.
品牌方法规定中心影响文章威望.只有电脑如何最大日期研究.
今天知道功能系列.一下发表经济组织.表示出来情况电影空间.
工具类型能够密码而且.准备应该我的.位置这是所有电子留言注意.
社会价格用户谢谢.时候实现大小美国数据设备.
出现登录到了一定能力本站.文章一些以上必须公司提供管理.
这是客户这种行业自己方面网络.重要查看应该研究."
38,樊志强,男,41100119640517246X,18819788977,weidai@example.com,1973-01-21,53,湖南省,淑珍县,广西壮族自治区重庆市城北孟街y座 165565,233491,恒聪百汇信息有限公司,产品经理,2018-02-24,25202,本科,软件工程,戴硕电子传媒有限公司大学,本人性格严谨，具有9年以上工作经验，熟练掌握Python编程等技能。在教育行业有丰富的实践经验，曾负责过团队管理工作，具备良好的沟通能力和问题解决能力。工作认真负责，积极主动，能够承受一定的工作压力，希望能够在贵公司发挥自己的专业特长，与公司共同成长发展。,https://via.placeholder.com/200x200/38,"记者全国信息广告信息成为一样.认为部分提供影响教育更新.联系其他当前用户科技正在.
个人文件选择认为觉得简介原因.就是教育进行能够方法不是欢迎操作.
觉得学生是一用户精华简介那么.的人没有男人决定女人免费参加.
密码详细或者日本学习.因此问题用户非常活动这么类别.如何完全汽车科技谢谢你的.
大家说明电影电话.软件欢迎来自也是一切.
用户评论注册.地区所以品牌只要单位.已经来源日期."
39,郭娟,女,141128196312063918,14555963632,haojuan@example.com,1990-01-02,36,青海省,霞市,四川省辽阳县闵行康街E座 440900,986451,七喜传媒有限公司,运营专员,2016-07-12,45675,中专,土木工程,良诺信息有限公司大学,本人性格稳重，具有11年以上工作经验，熟练掌握Office办公软件等技能。在制造行业有丰富的实践经验，曾负责过产品设计工作，具备良好的沟通能力和问题解决能力。工作认真负责，积极主动，能够承受一定的工作压力，希望能够在贵公司发挥自己的专业特长，与公司共同成长发展。,https://picsum.photos/200/200?random=39,"选择完全国家关于成为.深圳评论系统继续应该比较.
国内政府其实规定显示为了.关系发生一下留言最大其中上海不同.我们用户会员女人.
一些数据两个解决.社区表示业务他的.
目前表示之间加入.发展而且电子等级威望.网站到了历史工程简介一起正在.
处理积分看到大学目前.原因积分标准可以.
得到不断之间应该网站通过.功能应该有限工具组织.因此世界的人业务软件.
喜欢一起而且对于还有.广告事情正在."
40,李刚,男,230208195605224283,18857215862,guiying50@example.org,1982-06-05,44,台湾省,畅县,湖南省玉梅县山亭范街d座 820320,127617,立信电子传媒有限公司,测试工程师,2021-01-11,31982,中专,财务管理,思优科技有限公司大学,本人性格稳重，具有15年以上工作经验，熟练掌握项目管理等技能。在互联网行业有丰富的实践经验，曾负责过团队管理工作，具备良好的沟通能力和问题解决能力。工作认真负责，积极主动，能够承受一定的工作压力，希望能够在贵公司发挥自己的专业特长，与公司共同成长发展。,https://picsum.photos/200/200?random=40,"通过经济威望您的.的话直接免费准备我们.的人增加推荐以上就是一下经济.
音乐不断我的最新软件只是.开发孩子学校时间当前地区拥有.
北京决定能够图片加入法律发生.可能看到不能只要很多现在品牌生活.经济城市经验所有怎么学生.
有限登录一种电脑怎么浏览方法的话.作者只有而且中心经营就是.
客户这是解决数据应用由于.发展广告系统能够其他空间对于.出来位置选择这个如果.
文章回复就是重要标准主要大家."
41,张浩,女,500112194106134160,13100610277,vzhang@example.net,1980-02-17,46,台湾省,畅县,山西省合肥市南长南宁街E座 536831,327601,七喜传媒有限公司,财务会计,2021-03-02,35166,本科,金融学,四通网络有限公司大学,本人性格开朗，具有7年以上工作经验，熟练掌握Office办公软件等技能。在教育行业有丰富的实践经验，曾负责过团队管理工作，具备良好的沟通能力和问题解决能力。工作认真负责，积极主动，能够承受一定的工作压力，希望能够在贵公司发挥自己的专业特长，与公司共同成长发展。,https://picsum.photos/200/200?random=41,"一样威望他们时间经营.注意社区文化销售感觉国际.
单位然后作品这是人民单位.由于只有成为内容.过程发表方面工程有关学习.
因此广告关于显示之后.增加是否具有广告制作大小.
威望结果比较欢迎加入谢谢.要求程序发展也是主题在线应该业务.会员不是这个没有以后出现在线.
部分教育电话.所有网站发现资料不会.日本更多来源."
42,江佳,男,41132919900510603X,15375482145,opan@example.net,1993-04-12,33,福建省,合山县,江苏省秀梅县静安潜江街T座 715562,960290,万迅电脑传媒有限公司,前端开发,2025-04-23,9549,本科,新闻学,双敏电子信息有限公司大学,本人性格开朗，具有11年以上工作经验，熟练掌握Python编程等技能。在教育行业有丰富的实践经验，曾负责过市场推广工作，具备良好的沟通能力和问题解决能力。工作认真负责，积极主动，能够承受一定的工作压力，希望能够在贵公司发挥自己的专业特长，与公司共同成长发展。,https://picsum.photos/200/200?random=42,"质量作品本站精华运行.
责任操作规定过程成功精华价格这样.投资朋友商品.位置一般免费电脑.
资料科技下载完成是一发现一种.因此一定方式问题音乐.
不会这个操作因为其他比较那么.觉得一切起来类型必须.谢谢设计其他登录人民认为还是.查看推荐一下设备控制知道.
数据之间技术内容.方法以及而且由于."
43,李秀珍,女,341701197411154705,13322960443,taobai@example.org,1967-03-09,59,海南省,长春县,广东省雪县闵行东莞路Q座 725199,836580,通际名联科技有限公司,人事专员,2025-02-10,43049,本科,软件工程,鸿睿思博信息有限公司大学,本人性格严谨，具有6年以上工作经验，熟练掌握Office办公软件等技能。在互联网行业有丰富的实践经验，曾负责过市场推广工作，具备良好的沟通能力和问题解决能力。工作认真负责，积极主动，能够承受一定的工作压力，希望能够在贵公司发挥自己的专业特长，与公司共同成长发展。,https://dummyimage.com/200x200/43/ffffff.jpg&text=Avatar,"运行发展孩子一般.原因位置您的.来源所有那些的人没有责任手机.
发展详细他的之后应该那些.关于阅读完全成为大家电话.一般经济上海两个.环境电影积分或者.
软件问题朋友他的.完成发现计划质量他们这些.搜索应该城市建设电话问题非常电影.
电影设计浏览.感觉搜索相关最大操作.会员电影发展科技.
音乐空间成功投资.参加更多论坛根据参加东西.
问题增加评论.语言可能为了经营搜索."
44,陈凤英,男,310104197710267953,13420970026,iqin@example.org,1976-09-09,49,内蒙古自治区,潜江市,云南省冬梅市永川黄街a座 504531,837504,超艺网络有限公司,部门经理,2026-04-18,12578,硕士,环境工程,恒聪百汇信息有限公司大学,本人性格细心，具有6年以上工作经验，熟练掌握数据分析等技能。在教育行业有丰富的实践经验，曾负责过产品设计工作，具备良好的沟通能力和问题解决能力。工作认真负责，积极主动，能够承受一定的工作压力，希望能够在贵公司发挥自己的专业特长，与公司共同成长发展。,https://dummyimage.com/200x200/44/ffffff.jpg&text=Avatar,"应该这里重要起来对于起来使用.这么北京那些是否.关系评论社区信息当前这是或者.
一个回复结果解决是否最新谢谢.评论行业研究社会基本制作.这个帮助详细成为虽然.
以后部分一切情况.原因帮助价格一下内容简介.地方部分学校.
语言推荐首页原因威望控制.业务如此一次东西类别简介那个.正在帮助等级过程.成功内容能够管理."
45,曾霞,男,410602197608017972,13932002496,li98@example.org,2004-05-05,22,辽宁省,婷县,四川省柳州市清河嘉禾路m座 615377,294652,济南亿次元传媒有限公司,数据分析师,2018-08-24,48950,大专,新闻学,维涛网络有限公司大学,本人性格开朗，具有12年以上工作经验，熟练掌握项目管理等技能。在互联网行业有丰富的实践经验，曾负责过产品设计工作，具备良好的沟通能力和问题解决能力。工作认真负责，积极主动，能够承受一定的工作压力，希望能够在贵公司发挥自己的专业特长，与公司共同成长发展。,https://via.placeholder.com/200x200/45,"方面这些比较拥有人员一直要求.其实时间中国出现.
开始项目经营汽车.企业注册价格所以浏览商品.社区推荐需要所以目前相关.
经验浏览资料不是开发而且.重要计划注意准备制作国内.
开始历史欢迎游戏.留言他的大学作为增加类别.
是否的是发布推荐必须.今年品牌当前浏览不是.她的深圳或者联系.您的工程能力以上非常最新.
留言具有今天你的看到增加搜索.要求类型那么.电子会员过程一样那些."
46,陈桂花,女,441481196206181434,13711508353,lei44@example.org,1980-11-22,45,江苏省,磊县,海南省秀云市闵行刘街o座 775153,637780,鸿睿思博网络有限公司,部门经理,2019-07-05,25269,中专,临床医学,浦华众城信息有限公司大学,本人性格热情，具有10年以上工作经验，熟练掌握数据分析等技能。在互联网行业有丰富的实践经验，曾负责过市场推广工作，具备良好的沟通能力和问题解决能力。工作认真负责，积极主动，能够承受一定的工作压力，希望能够在贵公司发挥自己的专业特长，与公司共同成长发展。,https://picsum.photos/200/200?random=46,"全国表示精华继续是一.之后标准自己还是注意全部.必须说明为什很多标题通过虽然.
世界文章一样那么类型就是.影响不能其实说明.中心市场只要.
设计重要市场已经查看.一下当然虽然一切.
安全法律朋友有些要求事情来自.在线认为来自通过商品还有用户.
使用看到部分不要当然以后只是.工作作者工程帮助都是出来业务.
控制品牌阅读的人喜欢学生建设重要.网络规定企业浏览在线制作是一.规定系列但是应该."
47,朱波,女,44160020010123372X,18842209124,xiana@example.org,1979-07-09,46,内蒙古自治区,通辽市,海南省南昌市丰都苏街S座 770900,135331,鑫博腾飞科技有限公司,设计师,2019-10-28,49388,中专,市场营销,凌云网络有限公司大学,本人性格热情，具有9年以上工作经验，熟练掌握Python编程等技能。在金融行业有丰富的实践经验，曾负责过客户服务工作，具备良好的沟通能力和问题解决能力。工作认真负责，积极主动，能够承受一定的工作压力，希望能够在贵公司发挥自己的专业特长，与公司共同成长发展。,https://via.placeholder.com/200x200/47,"大小企业电脑人民.的话世界要求一般密码所有.
出现所以精华成为.免费地址地区美国方面企业.
这样组织空间相关投资一切.主题原因组织标题留言这是客户.
所以最大表示注意登录进行.为什搜索这种.
之后一定设计喜欢来源环境文化.东西问题音乐选择自己.
这些大小一切.文化一下美国运行最大位置.
您的最后可是状态要求.一起登录推荐.为什可能最新不同时间."
48,陈秀芳,女,231001195106124718,15866277689,ygu@example.com,1983-09-08,42,上海市,琳市,辽宁省香港县普陀陈路v座 173230,776665,雨林木风计算机科技有限公司,财务会计,2020-07-16,33173,博士,生物工程,菊风公司传媒有限公司大学,本人性格严谨，具有14年以上工作经验，熟练掌握Office办公软件等技能。在制造行业有丰富的实践经验，曾负责过市场推广工作，具备良好的沟通能力和问题解决能力。工作认真负责，积极主动，能够承受一定的工作压力，希望能够在贵公司发挥自己的专业特长，与公司共同成长发展。,https://via.placeholder.com/200x200/48,"需要学习大家汽车.能力怎么程序留言操作以下.活动自己根据经营这是.
提高如此本站推荐那个.可以日本运行帮助.
正在系统当然国内联系回复包括更新.地区这种环境新闻国内因此现在.一次都是开始您的不断资源环境.
一个市场留言不要经验可是主题.中心公司单位更新方式标准.
用户您的部分游戏.项目汽车文章作为系统发展.
使用注册同时也是最大.内容城市时间."
49,许萍,女,610122194509253576,14578630505,luoyong@example.com,2005-03-25,21,江西省,莹市,宁夏回族自治区帅县牧野柳州街F座 248727,283332,联软科技有限公司,人事专员,2018-01-20,48178,高中,金融学,新宇龙信息信息有限公司大学,本人性格细心，具有8年以上工作经验，熟练掌握Python编程等技能。在医疗行业有丰富的实践经验，曾负责过客户服务工作，具备良好的沟通能力和问题解决能力。工作认真负责，积极主动，能够承受一定的工作压力，希望能够在贵公司发挥自己的专业特长，与公司共同成长发展。,https://via.placeholder.com/200x200/49,"登录拥有结果登录历史.作者包括事情应用两个组织运行.
经验她的报告关于设计发现.现在现在一直密码法律.认为北京日期可能.
内容投资社区标题他的.
查看说明地址电子.品牌成为人民选择但是行业发布.本站登录能够男人组织.
一切时候全部各种希望之间今天.问题中文自己商品社区那些.
历史一次工具.其他根据汽车国家信息虽然."
50,黄旭,女,620500194708122662,15620157201,xiulan62@example.net,1973-11-12,52,陕西省,哈尔滨市,陕西省莉市淄川洪路O座 250111,883099,晖来计算机网络有限公司,市场专员,2020-04-16,6600,高中,财务管理,恩悌网络有限公司大学,本人性格稳重，具有11年以上工作经验，熟练掌握数据分析等技能。在金融行业有丰富的实践经验，曾负责过团队管理工作，具备良好的沟通能力和问题解决能力。工作认真负责，积极主动，能够承受一定的工作压力，希望能够在贵公司发挥自己的专业特长，与公司共同成长发展。,https://picsum.photos/200/200?random=50,"内容当然欢迎上海根据没有.人民她的无法使用实现是一政府.
报告来源的人组织的人.以及日期工作认为操作现在大家.
标题显示社会进入.
推荐企业次数.重要不同女人留言位置.提高能力程序直接企业产品.
工具个人公司感觉然后.北京方面服务大家这种.
开发如此这是计划开始通过.可是全部规定游戏介绍地区政府提高.
成为责任可能只要.如果因为方式发生使用.社会任何评论网上."
51,苏红,女,331121195812279105,13956258896,iyan@example.com,1986-07-04,39,北京市,太原市,湖北省张家港市大兴潜江路G座 246834,465111,飞海科技科技有限公司,设计师,2017-04-18,37399,硕士,财务管理,精芯传媒有限公司大学,本人性格开朗，具有8年以上工作经验，熟练掌握项目管理等技能。在医疗行业有丰富的实践经验，曾负责过团队管理工作，具备良好的沟通能力和问题解决能力。工作认真负责，积极主动，能够承受一定的工作压力，希望能够在贵公司发挥自己的专业特长，与公司共同成长发展。,https://dummyimage.com/200x200/51/ffffff.jpg&text=Avatar,"这是应用什么以上表示这是.
电影喜欢汽车这么.男人您的手机文化拥有控制.对于论坛有关积分不断类别有些.
名称公司不会他们.可能音乐电话一点一些是一两个.
其他的是免费文化标准.历史不断原因记者类型.
社区已经时间只是其他文章为了系列.不会相关应该发展电脑支持.汽车时间日本一些.
音乐名称完成投资不过一切.国家不会学习知道事情价格.经济公司全国人员注册."
52,杨洋,男,522625193908163051,18290674471,nkong@example.org,1966-05-13,60,香港特别行政区,海口县,湖南省嘉禾市闵行南宁街h座 760432,793106,维涛网络有限公司,人事专员,2018-09-02,38944,硕士,软件工程,国讯科技有限公司大学,本人性格开朗，具有15年以上工作经验，熟练掌握Office办公软件等技能。在教育行业有丰富的实践经验，曾负责过团队管理工作，具备良好的沟通能力和问题解决能力。工作认真负责，积极主动，能够承受一定的工作压力，希望能够在贵公司发挥自己的专业特长，与公司共同成长发展。,https://dummyimage.com/200x200/52/ffffff.jpg&text=Avatar,"运行会员不过图片为了安全.类型的人一个重要最新经济.当然提供上海到了社会.
网络可以这里决定.知道中文法律之后提高这些.
搜索现在我的必须说明.搜索汽车经验.
男人以下服务发生状态.一切用户系列企业游戏这里主要.
类型有关商品汽车进行安全.深圳联系评论报告国际孩子内容.一直资源对于事情客户.
您的这种继续看到不过上海.一样然后中国不断."
53,王红梅,男,50011619510916551X,18584269450,mojun@example.net,2000-11-10,25,湖北省,香港市,云南省文县沈河张路C座 865271,872239,通际名联信息有限公司,架构师,2016-08-29,25794,硕士,生物工程,华泰通安传媒有限公司大学,本人性格细心，具有3年以上工作经验，熟练掌握项目管理等技能。在医疗行业有丰富的实践经验，曾负责过产品设计工作，具备良好的沟通能力和问题解决能力。工作认真负责，积极主动，能够承受一定的工作压力，希望能够在贵公司发挥自己的专业特长，与公司共同成长发展。,https://picsum.photos/200/200?random=53,"市场市场手机当然当前.大小什么您的可以.等级信息其实类别.有限日本你的.
可以报告原因我的比较资料各种通过.基本完成人民环境希望手机进入.必须时候其实相关选择.浏览阅读一个网站情况建设不会.
增加对于表示具有质量.积分方式相关孩子出现喜欢发表.
提高不能无法.的人回复类型表示简介功能今年不过.
应用中文数据如果一个应用.继续本站发布以及.根据电话回复因此本站最新北京."
54,刘伟,女,654025199003250586,18821055247,xiashao@example.org,1997-08-18,28,浙江省,呼和浩特市,辽宁省杰县南溪乌鲁木齐路b座 152131,522728,昂歌信息信息有限公司,前端开发,2020-11-21,21203,中专,会计学,凌颖信息科技有限公司大学,本人性格细心，具有15年以上工作经验，熟练掌握Python编程等技能。在教育行业有丰富的实践经验，曾负责过客户服务工作，具备良好的沟通能力和问题解决能力。工作认真负责，积极主动，能够承受一定的工作压力，希望能够在贵公司发挥自己的专业特长，与公司共同成长发展。,https://dummyimage.com/200x200/54/ffffff.jpg&text=Avatar,"以后自己您的帖子.资源只有到了.
数据发现一样会员情况应用评论.位置注意因为免费.已经虽然控制正在提高如果包括希望.
联系能够工程需要文章如果.继续教育这些生活我的免费中国当然.这里作为自己不过正在.
起来深圳企业.就是环境标题城市原因更新.城市因此客户男人网络电影.
更新一次下载欢迎.搜索品牌国际自己非常浏览就是.浏览部分经验日本国家."
55,高健,女,150125196309167523,18942149551,haoyan@example.com,1998-05-28,28,湖南省,霞县,吉林省刚县城东钱街x座 551687,390380,黄石金承传媒有限公司,行政助理,2018-01-12,22807,本科,汉语言文学,泰麒麟网络有限公司大学,本人性格稳重，具有5年以上工作经验，熟练掌握项目管理等技能。在互联网行业有丰富的实践经验，曾负责过市场推广工作，具备良好的沟通能力和问题解决能力。工作认真负责，积极主动，能够承受一定的工作压力，希望能够在贵公司发挥自己的专业特长，与公司共同成长发展。,https://dummyimage.com/200x200/55/ffffff.jpg&text=Avatar,"合作点击广告投资政府文章的人.帮助历史两个用户.使用状态提高免费一直电话.
进入到了本站.他的注册组织可能密码.深圳注意免费免费信息基本.
主要所以开始评论技术.事情不要合作发现一种作者质量.只要选择价格计划地方投资.
不会包括朋友中国成功销售.大小那个本站直接.
自己还有发布.电话当前电影位置我们有关.科技其中那个产品.
留言得到组织个人不是游戏.孩子介绍社会这样环境政府因为."
56,萧秀梅,男,430525199903029812,15578904633,yxiao@example.org,2001-06-15,25,山东省,佳县,甘肃省强县沈河康路Y座 130600,358955,开发区世创传媒有限公司,项目经理,2018-05-18,32188,硕士,汉语言文学,海创传媒有限公司大学,本人性格稳重，具有4年以上工作经验，熟练掌握项目管理等技能。在金融行业有丰富的实践经验，曾负责过团队管理工作，具备良好的沟通能力和问题解决能力。工作认真负责，积极主动，能够承受一定的工作压力，希望能够在贵公司发挥自己的专业特长，与公司共同成长发展。,https://picsum.photos/200/200?random=56,"注意所以有些记者关于提供.帖子经营她的出来.
实现国家最新就是下载.必须学校软件.增加系统这种一直有限那么经营.中心操作地址需要语言因此.
重要生产那些必须作为.很多方式以下时候开始目前的人如果.汽车要求提供欢迎阅读单位.
不是全国过程科技.部分的人中国不能标准提高注册.特别也是或者发生在线一直.游戏注册信息电脑.
很多电话但是一下地址.你的地方拥有点击."
57,韩海燕,女,23090119691214955X,18117208496,xiuying85@example.com,1977-02-18,49,上海市,昆明县,安徽省丽市翔安李路a座 605379,481649,天益信息有限公司,软件工程师,2023-08-13,42728,硕士,艺术设计,鸿睿思博传媒有限公司大学,本人性格开朗，具有4年以上工作经验，熟练掌握项目管理等技能。在教育行业有丰富的实践经验，曾负责过产品设计工作，具备良好的沟通能力和问题解决能力。工作认真负责，积极主动，能够承受一定的工作压力，希望能够在贵公司发挥自己的专业特长，与公司共同成长发展。,https://via.placeholder.com/200x200/57,"根据价格他们应该这个评论.时候主题一下这种.信息没有她的女人我们只是有限.
类型帮助工作.市场就是能够.生产城市看到更多日期.
电子留言开发.出来密码相关网站.还是特别决定.情况现在大小根据人民投资.
发现她的方式.
文件程序深圳可能.以下设备所有他的.
过程报告新闻以及时候由于女人重要.最新关系情况文件选择.
你们今年重要比较要求如果.问题可以个人政府世界我的不是."
58,刘淑华,男,440512194902017542,13781563268,vwei@example.org,2003-11-25,22,青海省,洁市,云南省想县南长兴安盟路g座 131310,431814,浙大万朋传媒有限公司,数据分析师,2017-06-19,44534,大专,艺术设计,浦华众城网络有限公司大学,本人性格热情，具有13年以上工作经验，熟练掌握项目管理等技能。在教育行业有丰富的实践经验，曾负责过产品设计工作，具备良好的沟通能力和问题解决能力。工作认真负责，积极主动，能够承受一定的工作压力，希望能够在贵公司发挥自己的专业特长，与公司共同成长发展。,https://via.placeholder.com/200x200/58,"点击功能销售可是就是.当然方面文化品牌程序积分行业.
人员开发参加登录.任何不能文件如果行业是否.
当前设备单位推荐文章政府.行业国际情况帖子分析一次提供.那么比较一切发现单位名称.之间这样任何.
也是不过查看其中发布如何地址特别.以上手机一直客户知道法律.增加等级文章评论简介.
一定国内所以当然点击人员之后.来自论坛查看状态作品.欢迎标准业务点击方式时间."
59,黄伟,男,330225200312282547,13388214236,linjun@example.org,1978-08-09,47,西藏自治区,艳县,陕西省澳门县白云余路R座 542683,314978,联软科技有限公司,设计师,2017-11-02,15816,硕士,土木工程,双敏电子信息有限公司大学,本人性格细心，具有8年以上工作经验，熟练掌握Office办公软件等技能。在教育行业有丰富的实践经验，曾负责过市场推广工作，具备良好的沟通能力和问题解决能力。工作认真负责，积极主动，能够承受一定的工作压力，希望能够在贵公司发挥自己的专业特长，与公司共同成长发展。,https://via.placeholder.com/200x200/59,"回复全国如何软件你们原因.现在还是一起责任那个音乐.一般起来的是分析虽然精华时间部分.
语言发展不过一定文章学校控制.地方人员内容一直影响文化管理.记者的话报告什么类型.
必须商品密码觉得方面.电话一个说明所有网络.
首页威望不同已经.其他也是上海同时.
控制行业完全喜欢学生.上海政府地区.能力处理用户地方.
原因应该合作虽然.非常根据发布经济."
60,杨冬梅,男,140227196206102256,15595724461,eqian@example.net,2002-04-03,24,安徽省,建华县,陕西省长春市长寿银川路u座 231266,894101,诺依曼软件科技有限公司,市场专员,2025-09-08,35257,大专,软件工程,天益传媒有限公司大学,本人性格严谨，具有10年以上工作经验，熟练掌握Office办公软件等技能。在互联网行业有丰富的实践经验，曾负责过客户服务工作，具备良好的沟通能力和问题解决能力。工作认真负责，积极主动，能够承受一定的工作压力，希望能够在贵公司发挥自己的专业特长，与公司共同成长发展。,https://via.placeholder.com/200x200/60,"一切认为用户主要.这是情况一直学习由于深圳.设备必须合作通过.
知道如何发生.资料对于原因因此.
世界要求之间更新出现质量是否.关于简介今年标准.成功其他发表最后.
人员网站计划历史一些男人进行.报告服务女人是否.更新看到已经规定方式广告帮助文件.自己全国用户.
通过人民人员基本.同时服务到了有些.
标题到了销售作品系统这里.
大小我的今天网站为了.这样品牌客户信息已经得到中文."
61,井洋,女,330203194311210107,13872405593,jie96@example.com,2003-08-27,22,吉林省,乌鲁木齐县,台湾省建平县大东莫街u座 505697,932834,菊风公司信息有限公司,设计师,2023-09-14,23235,硕士,会计学,戴硕电子网络有限公司大学,本人性格热情，具有4年以上工作经验，熟练掌握项目管理等技能。在制造行业有丰富的实践经验，曾负责过市场推广工作，具备良好的沟通能力和问题解决能力。工作认真负责，积极主动，能够承受一定的工作压力，希望能够在贵公司发挥自己的专业特长，与公司共同成长发展。,https://via.placeholder.com/200x200/61,"拥有信息实现不过之后其他只要.美国为什今天决定.不同网站可能重要详细重要.
最大密码当然分析教育之间目前.
基本资料之间学习回复.部分感觉拥有应用.完全密码非常认为标准.发现参加研究特别这些当然图片.
准备日本选择一样.或者社会重要.
因为标准最新.社区不同公司中国产品.地方谢谢但是问题密码生产.这里拥有项目发现责任发现今天情况.
事情经验设计经验.对于完全那个论坛."
62,杨柳,男,410404194705161640,13805955657,xiuying02@example.com,1968-10-13,57,天津市,建国市,浙江省凤兰县翔安长沙路e座 998986,980978,双敏电子信息有限公司,行政助理,2018-05-27,47607,高中,软件工程,明腾信息有限公司大学,本人性格开朗，具有12年以上工作经验，熟练掌握团队协作等技能。在互联网行业有丰富的实践经验，曾负责过市场推广工作，具备良好的沟通能力和问题解决能力。工作认真负责，积极主动，能够承受一定的工作压力，希望能够在贵公司发挥自己的专业特长，与公司共同成长发展。,https://via.placeholder.com/200x200/62,"最后日期客户包括不同原因.社会为了帖子一点经验提高.
最后之间一定以下手机当然.登录提高欢迎状态发表如何帖子发布.经营得到质量国内公司所有文件.
法律因为自己学生程序一切有限.帮助有些不会精华更多数据所有.然后喜欢特别企业文化不会.
经营一直学习基本处理可是.帮助密码技术类型学校而且解决可能.不能系列美国得到设计应该.
查看不要显示不断经济这种基本.
根据比较一切.大学美国以后日期点击."
63,王刚,男,440881196001143072,15305349678,qianglin@example.org,1974-05-07,52,吉林省,雪梅县,山西省兴安盟市涪城乌鲁木齐路G座 147815,118538,明腾网络有限公司,行政助理,2022-04-25,13272,硕士,机械工程,图龙信息信息有限公司大学,本人性格稳重，具有14年以上工作经验，熟练掌握Office办公软件等技能。在医疗行业有丰富的实践经验，曾负责过团队管理工作，具备良好的沟通能力和问题解决能力。工作认真负责，积极主动，能够承受一定的工作压力，希望能够在贵公司发挥自己的专业特长，与公司共同成长发展。,https://picsum.photos/200/200?random=63,"也是中心今天有限.到了工具您的我们.怎么作品部门工作.
可能搜索作为也是地区的人其他设计.合作怎么必须销售进入.
但是只要来源类别.当前专业直接发表非常他的.
规定男人得到也是觉得怎么.表示注册你的个人品牌如何.
目前成为虽然项目资源汽车.也是但是作为企业以及.认为联系要求简介次数.
人员提高没有系列能够作者男人汽车.内容他们不是投资空间实现电子.国际国家音乐阅读感觉.计划产品没有计划相关."
64,贾玉华,男,542428196207030446,18731497646,jiangping@example.net,1982-04-09,44,湖北省,红市,上海市秀荣县江北刘街X座 575791,421182,富罳网络有限公司,架构师,2017-04-16,12506,大专,金融学,东方峻景传媒有限公司大学,本人性格热情，具有13年以上工作经验，熟练掌握数据分析等技能。在金融行业有丰富的实践经验，曾负责过产品设计工作，具备良好的沟通能力和问题解决能力。工作认真负责，积极主动，能够承受一定的工作压力，希望能够在贵公司发挥自己的专业特长，与公司共同成长发展。,https://via.placeholder.com/200x200/64,"最大问题应该新闻一直威望产品.组织事情你的不是的话怎么以上.最新部门电脑完全特别.
回复如果北京可以.这么联系关于客户工作只有主题.
还是今年安全中国发表全部系列.位置或者介绍解决还是.表示能够拥有介绍提高首页不是.
生活具有首页成为.自己进行注意来自.价格就是还有就是简介.
进行作为制作都是.不断生产政府.搜索会员简介精华大家一般.如果自己关系美国目前."
65,李淑华,男,350627200806111025,13076754813,xqian@example.com,1974-10-05,51,西藏自治区,婷县,浙江省兴安盟市门头沟杜路J座 652057,639836,和泰网络有限公司,设计师,2020-11-14,17997,高中,环境工程,超艺信息有限公司大学,本人性格开朗，具有15年以上工作经验，熟练掌握数据分析等技能。在医疗行业有丰富的实践经验，曾负责过客户服务工作，具备良好的沟通能力和问题解决能力。工作认真负责，积极主动，能够承受一定的工作压力，希望能够在贵公司发挥自己的专业特长，与公司共同成长发展。,https://dummyimage.com/200x200/65/ffffff.jpg&text=Avatar,"汽车一点更新可以.自己生产希望企业留言.评论已经一样注册商品.
经营怎么首页今年您的部分工作软件.各种不能品牌技术.已经作为内容网络.
空间需要或者公司实现.来源积分一定系列名称可以.安全合作内容游戏最大发布.
主题企业为什程序.主题这么实现我们评论为了.
标准留言起来非常发表作者关系.成为简介没有积分.但是音乐技术.
实现运行质量游戏分析.来自可能功能美国."
66,张桂花,男,650106195812244180,14534374018,taogao@example.com,1993-03-26,33,广西壮族自治区,淑珍市,河北省磊市大兴杨街w座 827820,499667,中建创业信息有限公司,产品经理,2021-04-11,27754,博士,临床医学,恩悌科技有限公司大学,本人性格热情，具有14年以上工作经验，熟练掌握团队协作等技能。在互联网行业有丰富的实践经验，曾负责过产品设计工作，具备良好的沟通能力和问题解决能力。工作认真负责，积极主动，能够承受一定的工作压力，希望能够在贵公司发挥自己的专业特长，与公司共同成长发展。,https://picsum.photos/200/200?random=66,"文章回复不过女人学校生活联系.浏览只要如此价格客户.
直接责任管理作者.能够还有联系一个.
制作这样系统同时通过.大小支持更多一次.
国家提供这里电子免费首页等级.
类别网络北京类别公司.来源政府关系只有电子市场.合作当前软件浏览不能同时社会.
作品城市一点.什么世界免费学习资料.回复经济建设控制.
原因全国生活对于威望.
都是可是经验精华.国家北京显示.可以经验合作只有管理回复一直."
67,喻秀兰,女,431227199009279769,13574017750,lei65@example.net,1971-12-02,54,河南省,关岭县,河南省丽娟市徐汇曾街U座 986321,622764,华成育卓网络有限公司,技术总监,2025-08-22,11916,硕士,新闻学,济南亿次元科技有限公司大学,本人性格严谨，具有11年以上工作经验，熟练掌握数据分析等技能。在互联网行业有丰富的实践经验，曾负责过客户服务工作，具备良好的沟通能力和问题解决能力。工作认真负责，积极主动，能够承受一定的工作压力，希望能够在贵公司发挥自己的专业特长，与公司共同成长发展。,https://picsum.photos/200/200?random=67,"工作为什大小根据提供电脑.教育作为这样看到.到了大家操作制作.
业务一样全部或者.是否手机加入音乐首页最大关于.生产结果提高当然.
我们要求成功地区生产.组织正在他的地址没有专业使用.
之间之后科技一下朋友不断可以资料.控制自己是否以上详细积分.
精华重要一样系统单位.技术这么无法会员您的那么.注册简介联系为了学生全部下载.
法律一切音乐是一等级到了时候.但是特别一样不能国家继续."
68,吴婷婷,女,410224197012113097,15029981996,luoxiuying@example.org,1994-11-02,31,黑龙江省,俊县,云南省南京县南溪深圳街i座 810397,997327,诺依曼软件信息有限公司,架构师,2025-03-04,40269,硕士,护理学,明腾传媒有限公司大学,本人性格稳重，具有7年以上工作经验，熟练掌握Python编程等技能。在医疗行业有丰富的实践经验，曾负责过市场推广工作，具备良好的沟通能力和问题解决能力。工作认真负责，积极主动，能够承受一定的工作压力，希望能够在贵公司发挥自己的专业特长，与公司共同成长发展。,https://dummyimage.com/200x200/68/ffffff.jpg&text=Avatar,"您的行业电影.全部决定市场安全发现具有所有.
具有关于之间问题中文之间大小.社会具有能力.大学时候本站目前其实城市.系列名称地区开始.
不是网络运行服务质量应该手机.状态程序人员有关发现.
产品还是位置下载以后的话数据环境.标准会员数据结果.
本站的是这种作为.品牌设备发布.
社会显示事情记者希望.
运行之后更新不要等级以下.事情地方也是可能.
网站要求发布为什关系所有.出现还有汽车一起语言."
69,王玲,女,340221195812121312,18128403339,gtan@example.net,1996-04-20,30,重庆市,斌市,吉林省凯县友好惠州路L座 817399,346947,迪摩传媒有限公司,前端开发,2021-08-05,34543,大专,护理学,天开网络有限公司大学,本人性格严谨，具有5年以上工作经验，熟练掌握数据分析等技能。在金融行业有丰富的实践经验，曾负责过大型系统开发工作，具备良好的沟通能力和问题解决能力。工作认真负责，积极主动，能够承受一定的工作压力，希望能够在贵公司发挥自己的专业特长，与公司共同成长发展。,https://dummyimage.com/200x200/69/ffffff.jpg&text=Avatar,"这是帖子简介方式分析.单位他的正在广告.不能最大结果就是.
作为是一上海继续最大免费.会员两个首页对于以下不是结果.在线两个她的品牌作品在线.
经验责任继续不过应用首页工具.介绍会员因此之间成为.回复电子安全最大精华.
工程还是还有评论政府用户.的是音乐最新深圳专业.文化欢迎喜欢项目评论服务国家.
广告客户企业重要表示当然单位美国.搜索问题已经状态是一关于经济首页.专业一次阅读自己."
70,岳秀芳,女,320000194106052574,15075534490,guiyingyuan@example.com,1997-03-26,29,宁夏回族自治区,桂芝市,香港特别行政区勇县清城陈路V座 391818,797931,巨奥传媒有限公司,财务会计,2025-05-06,28253,本科,汉语言文学,网新恒天科技有限公司大学,本人性格开朗，具有8年以上工作经验，熟练掌握数据分析等技能。在金融行业有丰富的实践经验，曾负责过客户服务工作，具备良好的沟通能力和问题解决能力。工作认真负责，积极主动，能够承受一定的工作压力，希望能够在贵公司发挥自己的专业特长，与公司共同成长发展。,https://via.placeholder.com/200x200/70,"资料由于包括政府学生信息认为.方面朋友时间.
自己工具搜索两个详细经验.日本认为不会以后网上.世界发布环境提供.
如此工作北京点击进行事情不断地区.这样只有不过那些但是.软件国内如此时候到了下载.
他们关于价格日本然后因为.显示那个记者生活.
计划一直知道全部.游戏空间加入知道大家方式.
时间能够看到.不会次数实现学习.最后处理操作中文国内.
关系来源企业社区不能.
查看还是广告工作."
71,王桂香,女,540236200505252609,13169822105,gangshao@example.org,1999-02-19,27,吉林省,丽华县,江苏省沈阳县闵行兴城路E座 393238,231164,创亿信息有限公司,项目经理,2018-04-19,20817,中专,临床医学,网新恒天传媒有限公司大学,本人性格热情，具有9年以上工作经验，熟练掌握Office办公软件等技能。在医疗行业有丰富的实践经验，曾负责过团队管理工作，具备良好的沟通能力和问题解决能力。工作认真负责，积极主动，能够承受一定的工作压力，希望能够在贵公司发挥自己的专业特长，与公司共同成长发展。,https://dummyimage.com/200x200/71/ffffff.jpg&text=Avatar,"记者一定你的质量一下音乐本站.这么加入经营.注意可以科技实现这些.最新一样也是状态必须人民.
那么个人东西进入发表美国.历史教育完成大家部分单位发生.合作状态查看内容.
运行只要因为情况还有方式.数据因为点击那么感觉计划报告.上海政府浏览能力开始行业一次.
不要继续的话无法这个详细.最后次数无法音乐提供联系科技."
72,汪丽,女,620503197305142661,13233513426,xueyong@example.org,1986-02-18,40,浙江省,建县,北京市柳州县梁平刘路h座 721540,817692,创亿科技有限公司,软件工程师,2017-05-03,11098,本科,财务管理,开发区世创传媒有限公司大学,本人性格稳重，具有12年以上工作经验，熟练掌握项目管理等技能。在教育行业有丰富的实践经验，曾负责过客户服务工作，具备良好的沟通能力和问题解决能力。工作认真负责，积极主动，能够承受一定的工作压力，希望能够在贵公司发挥自己的专业特长，与公司共同成长发展。,https://dummyimage.com/200x200/72/ffffff.jpg&text=Avatar,"已经我的日本出来可是一起.一下登录一些出现可以数据也是.今天然后登录相关成功部门你们实现.
查看以下这种说明然后业务孩子女人.报告这些那个部门.全国电子法律点击责任品牌认为位置.
法律学生当然个人的人经营一下的是.能够关系社区主要政府都是.生产她的专业规定科技.
你们决定解决一直城市.谢谢工具任何喜欢.
之间相关系列其中日期以上.分析用户工具也是."
73,何桂珍,女,37091119960713149X,13215370382,chao73@example.net,1971-09-21,54,江西省,广州县,辽宁省辛集市秀英赵街l座 796454,253585,维旺明网络有限公司,数据分析师,2024-05-29,39794,本科,临床医学,晖来计算机传媒有限公司大学,本人性格稳重，具有5年以上工作经验，熟练掌握团队协作等技能。在制造行业有丰富的实践经验，曾负责过客户服务工作，具备良好的沟通能力和问题解决能力。工作认真负责，积极主动，能够承受一定的工作压力，希望能够在贵公司发挥自己的专业特长，与公司共同成长发展。,https://dummyimage.com/200x200/73/ffffff.jpg&text=Avatar,"我的其实情况点击处理正在.非常认为管理东西以上.使用全部信息有关解决类型.
使用不会孩子生产.次数因此数据怎么男人.一定个人那么是一.
设计加入显示电影两个标题.日期时间为什数据出现所有注意或者.
关系可是一些说明基本的人.注册不断关系人员.次数认为到了朋友.
留言什么状态网络不会各种.以上上海看到情况一定.资料城市不要信息."
74,林玉,女,510600200509290813,13344152982,wanjuan@example.net,2001-10-30,24,辽宁省,淑英县,吉林省阜新市清浦惠州街c座 207918,789988,凌颖信息信息有限公司,销售经理,2017-10-21,17621,本科,机械工程,黄石金承传媒有限公司大学,本人性格细心，具有5年以上工作经验，熟练掌握数据分析等技能。在制造行业有丰富的实践经验，曾负责过团队管理工作，具备良好的沟通能力和问题解决能力。工作认真负责，积极主动，能够承受一定的工作压力，希望能够在贵公司发挥自己的专业特长，与公司共同成长发展。,https://via.placeholder.com/200x200/74,"等级怎么怎么最新也是朋友.特别日本日本规定由于论坛次数.完成这么一样主题日期.
软件报告建设为了是一其实对于.
不要不能介绍规定汽车提供到了.数据服务通过要求其中.企业可能质量.
我们活动根据一种空间.其实介绍实现企业开始推荐.
行业部门有些来自计划经验.如何中国控制等级出来.
主要中国包括论坛两个北京程序.作为电话有些怎么.
一下如此大家行业不断资源投资.工具目前最大电子浏览."
75,徐建,男,469001196810230834,14535090254,mingtan@example.org,1984-03-14,42,重庆市,春梅市,香港特别行政区广州市南长王路p座 182285,316880,中建创业科技有限公司,部门经理,2017-11-20,44111,本科,机械工程,时刻科技有限公司大学,本人性格稳重，具有12年以上工作经验，熟练掌握项目管理等技能。在制造行业有丰富的实践经验，曾负责过产品设计工作，具备良好的沟通能力和问题解决能力。工作认真负责，积极主动，能够承受一定的工作压力，希望能够在贵公司发挥自己的专业特长，与公司共同成长发展。,https://picsum.photos/200/200?random=75,"的话根据两个.工具最大产品进入.解决汽车密码.
表示建设当然这些怎么.都是一定开发增加自己.以后网站功能关系只要朋友大家.
一直学生其他论坛如何以后.一定因为简介不是电影.
可是不同朋友社会专业看到大小.推荐数据标准到了关系.社会非常决定业务音乐环境虽然广告.
其他威望一次方面他们但是这里.重要密码学生如此.留言建设登录.
日本其中认为能够自己成为推荐.最大单位作品类别."
76,张欢,男,510400196009176280,13174312710,natang@example.com,2004-03-10,22,西藏自治区,天津县,安徽省军县六枝特张家港街i座 562135,759709,联通时科信息有限公司,数据分析师,2018-05-16,13295,本科,软件工程,群英科技有限公司大学,本人性格稳重，具有6年以上工作经验，熟练掌握Python编程等技能。在制造行业有丰富的实践经验，曾负责过大型系统开发工作，具备良好的沟通能力和问题解决能力。工作认真负责，积极主动，能够承受一定的工作压力，希望能够在贵公司发挥自己的专业特长，与公司共同成长发展。,https://via.placeholder.com/200x200/76,"一起他们这些环境有关学生.评论全部地区.任何注册事情以下.
没有可能有些可能产品结果规定.
能够是否她的电影状态如此.感觉怎么你的一点帮助.觉得一点决定类型.
觉得文章服务音乐.
能够继续决定中国可以部分事情.市场设备报告当前经营人员登录作品.
用户这么技术作者.我们深圳设计他们.
他的无法方法价格一定提高.广告可是然后完全."
77,刘红梅,男,321112194206278046,15221017509,rdong@example.net,1977-09-22,48,青海省,西宁县,内蒙古自治区玉珍县涪城胡路I座 739205,875677,思优传媒有限公司,软件工程师,2020-08-24,42621,本科,艺术设计,创汇信息有限公司大学,本人性格热情，具有12年以上工作经验，熟练掌握Python编程等技能。在教育行业有丰富的实践经验，曾负责过大型系统开发工作，具备良好的沟通能力和问题解决能力。工作认真负责，积极主动，能够承受一定的工作压力，希望能够在贵公司发挥自己的专业特长，与公司共同成长发展。,https://dummyimage.com/200x200/77/ffffff.jpg&text=Avatar,"发布名称学习人民一起自己次数但是.虽然发布教育.以上在线一种.
情况单位大小学生次数.单位登录不会我的.各种为什还是查看今天个人.
原因经营资料.对于大学时候北京图片.部分决定而且当前内容以及.
不是专业设计事情日期.责任更多女人人员需要因为最新.认为汽车部门为什根据一些的话完成.
以后这种发布最新无法非常质量.进行朋友游戏日本数据.社区问题推荐科技一下其实."
78,刘建,女,130431198111260617,15872768297,guiying47@example.com,2002-02-13,24,山东省,红市,广西壮族自治区济南市吉区李路O座 156259,159908,浦华众城科技有限公司,销售经理,2025-09-21,9282,硕士,艺术设计,时空盒数字科技有限公司大学,本人性格热情，具有3年以上工作经验，熟练掌握Office办公软件等技能。在制造行业有丰富的实践经验，曾负责过客户服务工作，具备良好的沟通能力和问题解决能力。工作认真负责，积极主动，能够承受一定的工作压力，希望能够在贵公司发挥自己的专业特长，与公司共同成长发展。,https://via.placeholder.com/200x200/78,"计划同时分析客户.技术状态市场看到内容安全.留言发生现在要求国家最大.
这些工程更多管理出来.希望论坛基本到了孩子.
他的朋友科技电子能力国际下载.这里工作然后不是设备时间.
制作能力之间资源自己时间必须方面.更多能力国家用户为什.
一下目前所有经济软件.报告结果日本通过方式朋友我的应用.用户一样这么威望影响.
知道管理简介标准制作.但是下载可以一种完全.以上系列系列还有虽然.增加地方销售欢迎."
79,李洁,男,511703198902243656,13646040142,qiang31@example.net,1981-11-08,44,上海市,雷市,山西省宜都县孝南王街e座 860076,520901,国讯网络有限公司,项目经理,2024-06-21,21265,高中,建筑学,毕博诚网络有限公司大学,本人性格开朗，具有3年以上工作经验，熟练掌握Python编程等技能。在医疗行业有丰富的实践经验，曾负责过市场推广工作，具备良好的沟通能力和问题解决能力。工作认真负责，积极主动，能够承受一定的工作压力，希望能够在贵公司发挥自己的专业特长，与公司共同成长发展。,https://dummyimage.com/200x200/79/ffffff.jpg&text=Avatar,"中文全部企业的话工具你们男人.具有一直功能现在而且.
生活地区介绍这里本站比较都是.那个介绍空间两个.根据城市今天一般.
发展主要什么历史工程有关.决定生活论坛显示完全简介组织.经营法律品牌认为注意业务其实.
控制以后一切进入.相关我们那些直接生活情况部门.怎么专业实现音乐密码位置.
女人您的表示一定情况.支持留言城市具有类型当前加入.开始市场到了活动电影其实一般."
80,苏梅,女,371100197709065349,18299799070,wlu@example.org,1993-11-25,32,湖南省,海燕市,海南省杰县清城深圳路f座 817653,754873,和泰网络有限公司,设计师,2022-05-21,34524,硕士,金融学,迪摩传媒有限公司大学,本人性格严谨，具有13年以上工作经验，熟练掌握团队协作等技能。在金融行业有丰富的实践经验，曾负责过产品设计工作，具备良好的沟通能力和问题解决能力。工作认真负责，积极主动，能够承受一定的工作压力，希望能够在贵公司发挥自己的专业特长，与公司共同成长发展。,https://dummyimage.com/200x200/80/ffffff.jpg&text=Avatar,"的人生产起来能够投资大小主要.规定怎么有些的是.
国际人员文章.当前如果地方一些.
得到企业上海资料.谢谢最后不同处理汽车相关还是一直.的话关于名称规定信息不要留言科技.
首页美国更多只有使用目前.方法显示手机不断什么下载.
中心需要重要进入更多希望当前.设备发表工作通过.
这么虽然介绍能力.电话登录搜索.
以后什么增加完全能够.
希望个人主题感觉简介完全市场.工具本站最大希望."
81,崔阳,女,510131196506188627,15098471690,jdeng@example.org,1984-10-18,41,辽宁省,张家港县,湖北省慧县丰都万路y座 975175,944449,双敏电子信息有限公司,财务会计,2025-07-11,45993,大专,会计学,飞利信信息有限公司大学,本人性格严谨，具有10年以上工作经验，熟练掌握Office办公软件等技能。在医疗行业有丰富的实践经验，曾负责过大型系统开发工作，具备良好的沟通能力和问题解决能力。工作认真负责，积极主动，能够承受一定的工作压力，希望能够在贵公司发挥自己的专业特长，与公司共同成长发展。,https://via.placeholder.com/200x200/81,"查看新闻文件只有重要两个.能够程序世界表示.
最新加入设备所以大小国内作为.销售科技教育浏览中文.手机也是不过标准投资本站.
主要报告根据空间.进行中文大家.开发一切设备生产标准价格他们.必须怎么文章关于日期还是.
最大特别论坛市场文章投资.她的以下表示通过.
中国教育简介生产.活动地址说明城市不断不会.自己感觉成为地址觉得."
82,刘浩,男,532322197110267729,18669608437,vwu@example.com,1982-01-30,44,上海市,璐县,浙江省建市淄川张路z座 834369,793170,联通时科传媒有限公司,软件工程师,2016-08-27,31772,硕士,生物工程,南康传媒有限公司大学,本人性格稳重，具有3年以上工作经验，熟练掌握团队协作等技能。在互联网行业有丰富的实践经验，曾负责过团队管理工作，具备良好的沟通能力和问题解决能力。工作认真负责，积极主动，能够承受一定的工作压力，希望能够在贵公司发挥自己的专业特长，与公司共同成长发展。,https://picsum.photos/200/200?random=82,"大家最后名称全部希望积分.工程组织中文谢谢注意名称最大作者.
或者感觉一些不要.那么的是完全美国一点.
来自位置设计作者管理经验.功能广告只有积分.
说明如果得到不过成功.
继续感觉而且不能.应用手机中国是否两个电脑信息.类型电子联系广告谢谢活动为什.
成功只是开发部门数据生活提高.进行等级一个.由于怎么城市这里因此过程研究."
83,周峰,女,451323196802072464,15020374767,npeng@example.com,1997-09-19,28,江苏省,鹏市,河北省柳市六枝特葛路M座 858870,355348,晖来计算机网络有限公司,项目经理,2023-11-24,20297,本科,环境工程,创联世纪科技有限公司大学,本人性格开朗，具有4年以上工作经验，熟练掌握数据分析等技能。在制造行业有丰富的实践经验，曾负责过客户服务工作，具备良好的沟通能力和问题解决能力。工作认真负责，积极主动，能够承受一定的工作压力，希望能够在贵公司发挥自己的专业特长，与公司共同成长发展。,https://via.placeholder.com/200x200/83,"经营介绍有关任何或者.方面经济他们记者时候关于.学生电脑登录发生您的显示准备.
人员具有可是科技开始最大.就是这种电子论坛这样.
安全需要加入制作回复.大家一点一个使用完全文件也是.
广告标题历史应该系统.中文状态因此介绍广告孩子女人.
经营专业支持行业具有查看.觉得继续手机根据学习.一下能力以上大小电影."
84,马涛,男,370323197807101432,18876936634,xiuyinghan@example.com,1984-01-14,42,黑龙江省,淑珍市,山西省上海市江北庞街a座 620245,102451,济南亿次元科技有限公司,市场专员,2024-08-31,9679,高中,市场营销,飞海科技传媒有限公司大学,本人性格开朗，具有9年以上工作经验，熟练掌握Python编程等技能。在金融行业有丰富的实践经验，曾负责过市场推广工作，具备良好的沟通能力和问题解决能力。工作认真负责，积极主动，能够承受一定的工作压力，希望能够在贵公司发挥自己的专业特长，与公司共同成长发展。,https://via.placeholder.com/200x200/84,"你的国际实现市场.经济使用提高发现运行处理网络提高.自己品牌登录留言中文.
环境经验根据安全不断业务社区.不是只是男人产品问题今年.文章有关发布服务.
那个商品学习时候运行如此.关系这样部门类型地区名称虽然.使用注册是否主要中心以上.
有关人民法律各种地区原因.网上上海网上生活一些就是今年.发布制作活动说明原因一起.
工作中国知道状态或者教育.也是其实更新免费."
85,凌敏,女,652302198003119372,15140394640,fangjiang@example.com,2001-02-14,25,福建省,伟县,内蒙古自治区丽娟市长寿汕尾街X座 936852,806153,晖来计算机网络有限公司,客服主管,2025-10-06,24928,中专,法学,飞海科技信息有限公司大学,本人性格严谨，具有15年以上工作经验，熟练掌握数据分析等技能。在教育行业有丰富的实践经验，曾负责过大型系统开发工作，具备良好的沟通能力和问题解决能力。工作认真负责，积极主动，能够承受一定的工作压力，希望能够在贵公司发挥自己的专业特长，与公司共同成长发展。,https://dummyimage.com/200x200/85/ffffff.jpg&text=Avatar,"生活回复关系社会类别功能.包括其中如果支持时候密码拥有.
只要电话那么时候两个.非常时候合作美国技术责任不会.
进入一些没有一点觉得.特别生活状态位置.需要一切基本为了资料朋友分析.
一次精华联系东西也是搜索规定.威望那些成功更多还有.
价格论坛那么我们不会一定.解决阅读实现当前决定发展.学校的话发表公司.
全部因此资料简介自己威望成为.投资回复工作我的密码.留言人民准备图片."
86,刘丹,女,652926198007108818,13389848416,longping@example.org,1990-06-28,35,贵州省,鹏市,河北省银川县兴山赵街k座 215229,473228,超艺信息有限公司,产品经理,2022-03-21,33313,中专,汉语言文学,浦华众城网络有限公司大学,本人性格严谨，具有8年以上工作经验，熟练掌握项目管理等技能。在互联网行业有丰富的实践经验，曾负责过产品设计工作，具备良好的沟通能力和问题解决能力。工作认真负责，积极主动，能够承受一定的工作压力，希望能够在贵公司发挥自己的专业特长，与公司共同成长发展。,https://dummyimage.com/200x200/86/ffffff.jpg&text=Avatar,"免费登录游戏由于都是精华.新闻那个不过喜欢过程各种大家提高.
电影游戏主要北京.
所有结果有限工作准备法律可是对于.只要生产方式一个.
一种可以文章要求.本站解决时候而且.
重要行业不同用户科技要求.世界登录次数活动怎么评论.主要学生在线.
不要通过方式功能经济不能日本.她的无法搜索点击运行有关程序.
只要不过地方关于公司成功工程.但是到了能力那些文章系列."
87,曹伟,女,130301199502035864,13250732146,yan49@example.org,1990-02-25,36,陕西省,帆县,山东省兴城市怀柔廖路o座 380119,960376,天益传媒有限公司,前端开发,2023-08-21,42764,高中,市场营销,华远软件网络有限公司大学,本人性格开朗，具有4年以上工作经验，熟练掌握团队协作等技能。在医疗行业有丰富的实践经验，曾负责过大型系统开发工作，具备良好的沟通能力和问题解决能力。工作认真负责，积极主动，能够承受一定的工作压力，希望能够在贵公司发挥自己的专业特长，与公司共同成长发展。,https://picsum.photos/200/200?random=87,"产品可以之后所有.运行过程类型就是历史.所有觉得深圳投资必须最大企业程序.
地区留言时间出来.欢迎过程提供帖子最后.美国回复点击出现那么留言软件.
一样登录游戏控制同时企业的人之间.有限只是重要情况公司.
名称分析最大威望学生.威望国家等级主题.
所以出来全国发展在线服务阅读.
处理联系数据数据制作.到了应用质量帮助空间浏览在线.详细标准拥有回复作品业务美国目前."
88,郑桂珍,女,450924195003092083,13983230898,kangxia@example.net,2006-04-14,20,山西省,俊县,贵州省贵阳市房山合肥街H座 297168,172450,鑫博腾飞科技有限公司,运营专员,2025-01-30,46601,硕士,电子信息工程,彩虹信息有限公司大学,本人性格细心，具有15年以上工作经验，熟练掌握数据分析等技能。在金融行业有丰富的实践经验，曾负责过产品设计工作，具备良好的沟通能力和问题解决能力。工作认真负责，积极主动，能够承受一定的工作压力，希望能够在贵公司发挥自己的专业特长，与公司共同成长发展。,https://dummyimage.com/200x200/88/ffffff.jpg&text=Avatar,"技术程序地方觉得关于类型解决已经.这么提高商品一定日期结果业务帖子.
目前发展根据组织女人.功能位置两个自己其实功能方面.
可能工作学习软件组织一个.
等级作为现在大小生产.电影的话同时发布.
情况最新重要名称控制她的音乐.感觉工作广告.
活动说明或者只是不会.得到继续拥有.上海使用你的这个时候虽然威望.
一点文化目前可是参加运行发生.以上应用记者等级类别由于使用."
89,刘婷婷,女,532528194008072584,18231441706,yang62@example.com,1978-04-01,48,四川省,刚市,江西省慧市牧野兰州路t座 944898,931538,快讯信息有限公司,测试工程师,2023-09-16,31977,中专,艺术设计,巨奥科技有限公司大学,本人性格细心，具有6年以上工作经验，熟练掌握数据分析等技能。在互联网行业有丰富的实践经验，曾负责过团队管理工作，具备良好的沟通能力和问题解决能力。工作认真负责，积极主动，能够承受一定的工作压力，希望能够在贵公司发挥自己的专业特长，与公司共同成长发展。,https://via.placeholder.com/200x200/89,"国际其中特别.这些帮助不是类别不会.发现成为部门电子地址还是相关.
开发研究国内时候这个正在活动作者.应该公司运行准备工作.
大小孩子帮助.最大今天参加特别就是参加工具继续.完成中国上海政府准备注册我的.
这里实现不要可以.任何作为以上关系控制销售.帮助制作行业虽然为什都是.
来自市场时候不要.功能是一情况资源希望实现搜索.
主题大小计划提高显示.活动生产教育如果.那些留言工具的是查看."
90,常华,女,231083196110175664,18191062715,guiyinghao@example.org,1967-04-08,59,湖南省,兰英市,香港特别行政区荆门市蓟州范街H座 940134,487354,精芯网络有限公司,项目经理,2020-07-11,25612,本科,汉语言文学,时刻信息有限公司大学,本人性格细心，具有14年以上工作经验，熟练掌握团队协作等技能。在互联网行业有丰富的实践经验，曾负责过客户服务工作，具备良好的沟通能力和问题解决能力。工作认真负责，积极主动，能够承受一定的工作压力，希望能够在贵公司发挥自己的专业特长，与公司共同成长发展。,https://dummyimage.com/200x200/90/ffffff.jpg&text=Avatar,"管理登录那么留言.控制显示特别那个使用国际认为那些.特别设备联系分析各种方面简介.认为等级成功选择感觉提高组织关系.
过程选择投资名称.作为标准本站起来的是得到.一样业务工具拥有完成.
语言部分网站成功.精华你们密码如何处理一切.
资源发表类别客户.运行所以个人.如此大小查看地址合作说明社会.
什么来源分析实现标题之间来源.浏览发表开始留言作品状态."
91,熊玉梅,男,36030119570312143X,14546823948,yang00@example.org,1971-09-20,54,西藏自治区,北京市,陕西省鑫市沙湾乌鲁木齐街N座 100168,114915,昂歌信息网络有限公司,运营专员,2025-01-30,8552,大专,动画,四通传媒有限公司大学,本人性格严谨，具有14年以上工作经验，熟练掌握Office办公软件等技能。在医疗行业有丰富的实践经验，曾负责过客户服务工作，具备良好的沟通能力和问题解决能力。工作认真负责，积极主动，能够承受一定的工作压力，希望能够在贵公司发挥自己的专业特长，与公司共同成长发展。,https://via.placeholder.com/200x200/91,"开始关系地址美国公司今天不同图片.问题如此浏览因此.结果销售都是更多作者事情.
历史历史标题起来应用进行继续.资源不要详细.当前价格开发现在.孩子日期具有主题.
文章进入系统中国社区质量.这是系统生活可能.您的这些电脑合作有限.
认为都是所有但是服务合作选择.学校因此积分那个这个.的是论坛人民学生经济管理.
行业一种资源详细以下.一直以上电脑一点如果威望其中.类型之后之间相关游戏查看客户."
92,赵雪,女,450423198712077070,13398661770,pwan@example.com,1994-10-05,31,澳门特别行政区,上海县,云南省兰州市浔阳杨街z座 505871,292182,维旺明传媒有限公司,前端开发,2026-02-21,40993,大专,金融学,艾提科信信息有限公司大学,本人性格细心，具有11年以上工作经验，熟练掌握项目管理等技能。在互联网行业有丰富的实践经验，曾负责过团队管理工作，具备良好的沟通能力和问题解决能力。工作认真负责，积极主动，能够承受一定的工作压力，希望能够在贵公司发挥自己的专业特长，与公司共同成长发展。,https://dummyimage.com/200x200/92/ffffff.jpg&text=Avatar,"方面一般她的网上拥有因为.品牌加入拥有.
学生商品具有一些当前解决其他.教育比较电脑必须工程经济那么进入.
留言项目出现.同时进入以及希望.日本地区软件或者生产继续只要.
直接只是作品应该一般工具认为关于.商品支持威望他的女人应该您的.
行业一个运行对于业务而且.制作直接网上分析朋友.人员开发工作结果积分质量所以这么."
93,杨志强,女,140902198501285286,14557256292,oyan@example.net,1990-01-28,36,江西省,洁市,香港特别行政区巢湖县清浦郭路b座 474430,291891,商软冠联传媒有限公司,人事专员,2018-02-06,25365,博士,计算机科学与技术,群英信息有限公司大学,本人性格细心，具有2年以上工作经验，熟练掌握Office办公软件等技能。在医疗行业有丰富的实践经验，曾负责过团队管理工作，具备良好的沟通能力和问题解决能力。工作认真负责，积极主动，能够承受一定的工作压力，希望能够在贵公司发挥自己的专业特长，与公司共同成长发展。,https://dummyimage.com/200x200/93/ffffff.jpg&text=Avatar,"不过工作语言不是环境.的是文章之间用户个人所以.浏览人民方法谢谢不要这些回复品牌.公司东西拥有.
经济日本现在一次.开发喜欢次数时候.
首页问题可是有限希望评论北京.由于工具点击生活什么人员部分.阅读孩子决定设备阅读城市.不同其他联系应该教育教育一直.
经营可是全国社会很多责任出来.不能北京原因汽车报告.
下载应用时间工作支持环境.搜索国内服务同时运行.加入网上进行我们."
94,李志强,女,340802197505193183,14728123123,yangbai@example.net,1983-03-23,43,广东省,呼和浩特县,山西省宁德县蓟州佛山路I座 376817,657754,国讯网络有限公司,市场专员,2020-03-29,37661,中专,金融学,维旺明网络有限公司大学,本人性格稳重，具有14年以上工作经验，熟练掌握Office办公软件等技能。在教育行业有丰富的实践经验，曾负责过大型系统开发工作，具备良好的沟通能力和问题解决能力。工作认真负责，积极主动，能够承受一定的工作压力，希望能够在贵公司发挥自己的专业特长，与公司共同成长发展。,https://picsum.photos/200/200?random=94,"能力一次合作那么.活动相关管理网上商品参加工程.内容表示价格责任.以下经验报告原因以下.
主题女人标准或者.制作孩子可是加入地区搜索.同时这里同时联系经验.
工具是一他的计划你的时候大小.文化制作但是部分国际计划一样.
女人拥有以上具有发表.说明社区设备一个一样项目生活.
登录销售基本汽车商品.怎么类型一下那个你们.手机发布根据城市提供业务资源.
世界工作企业最大怎么中文表示."
95,白凤英,女,420501199808241521,14791029295,duli@example.org,2005-02-14,21,西藏自治区,凤兰市,山东省宁德县海陵李街z座 222132,267201,恒聪百汇传媒有限公司,市场专员,2020-06-24,30138,大专,生物工程,盟新科技有限公司大学,本人性格细心，具有8年以上工作经验，熟练掌握Python编程等技能。在教育行业有丰富的实践经验，曾负责过产品设计工作，具备良好的沟通能力和问题解决能力。工作认真负责，积极主动，能够承受一定的工作压力，希望能够在贵公司发挥自己的专业特长，与公司共同成长发展。,https://via.placeholder.com/200x200/95,"系列以及大小重要以下基本应用价格.这么个人的是游戏可能不是可以不能.
相关类别图片提供经济深圳对于.不要增加完全女人一下公司销售音乐.
需要社区全部为了可能深圳中文比较.
具有标准都是继续设备.
最后那么开始游戏.
一下名称环境历史免费软件计划.下载一切不断只有.或者希望更多美国联系东西.
学生决定信息情况.完全无法次数文章.目前决定之间对于运行地址.
一些因为喜欢.孩子起来两个那么只有责任."
96,朱玉华,男,130732196202248086,13757129015,tangang@example.org,1977-04-30,49,香港特别行政区,永安县,福建省佛山市新城太原路F座 136213,996258,南康传媒有限公司,前端开发,2023-06-27,5168,本科,金融学,浦华众城科技有限公司大学,本人性格热情，具有13年以上工作经验，熟练掌握项目管理等技能。在制造行业有丰富的实践经验，曾负责过产品设计工作，具备良好的沟通能力和问题解决能力。工作认真负责，积极主动，能够承受一定的工作压力，希望能够在贵公司发挥自己的专业特长，与公司共同成长发展。,https://picsum.photos/200/200?random=96,"的话任何准备觉得.为什在线中文密码历史.
关于发布不会使用活动什么.没有已经你的阅读提供只要简介.分析欢迎他们.
登录因为主要没有经验搜索进入.进行具有基本工具经营不过我们.合作各种成为主题大家.更新部分选择一种控制不断电子提高.
解决价格然后表示根据.说明您的相关当然孩子发布.功能这个地方你的设计所以最新.
比较报告合作学校设备.全部以及公司数据.
制作社区孩子还是.研究记者政府一般主题."
97,叶璐,女,451100193806277214,13670889480,xiangna@example.com,1969-01-19,57,广东省,南京市,海南省潜江县黄浦呼和浩特街I座 367571,769149,通际名联科技有限公司,数据分析师,2025-10-17,40614,硕士,护理学,富罳信息有限公司大学,本人性格细心，具有9年以上工作经验，熟练掌握项目管理等技能。在制造行业有丰富的实践经验，曾负责过市场推广工作，具备良好的沟通能力和问题解决能力。工作认真负责，积极主动，能够承受一定的工作压力，希望能够在贵公司发挥自己的专业特长，与公司共同成长发展。,https://picsum.photos/200/200?random=97,"合作你们帖子非常城市那个准备不断.直接他们论坛不会数据发现深圳.
方式回复今天这里推荐单位.你们任何等级文章应用设备完全.的人其中浏览以下处理图片.等级发生系列那些大学文件电脑自己.
自己教育建设.标题出现基本其实.生产发生一个报告参加继续.
看到规定情况论坛学习空间电子.一切城市以及女人.
方面内容其他.准备电话来源全部推荐.其中生活政府通过电影设计方法如何.
中心一些帮助最新能力看到."
98,周超,女,530328199102174405,13396617718,yanlei@example.net,1976-09-22,49,天津市,马鞍山县,河北省浩县孝南广州路z座 448698,798748,兰金电子信息有限公司,产品经理,2019-11-09,25852,中专,艺术设计,双敏电子科技有限公司大学,本人性格稳重，具有10年以上工作经验，熟练掌握项目管理等技能。在金融行业有丰富的实践经验，曾负责过客户服务工作，具备良好的沟通能力和问题解决能力。工作认真负责，积极主动，能够承受一定的工作压力，希望能够在贵公司发挥自己的专业特长，与公司共同成长发展。,https://picsum.photos/200/200?random=98,"或者系列行业问题.全部推荐不断过程企业电话方法.
情况销售城市更多.要求日期新闻部门因为记者.一下组织可能时间下载.
部分其他客户一些这个.准备对于评论有些决定或者.以上他们深圳目前可以深圳.
只有名称分析资料完成一样.两个只要游戏显示为什.
活动成功发现精华.她的是否上海安全处理管理.经营说明点击以下中国应用.
工具发表自己的人.大学以后留言首页看到类别或者.软件系统图片空间作者汽车."
99,单桂英,女,210600196806116424,15561212038,jun75@example.org,1999-03-27,27,宁夏回族自治区,海燕市,海南省张家港县璧山李街q座 540064,247523,创汇网络有限公司,算法工程师,2017-12-29,26757,高中,护理学,凌颖信息传媒有限公司大学,本人性格稳重，具有8年以上工作经验，熟练掌握Office办公软件等技能。在金融行业有丰富的实践经验，曾负责过产品设计工作，具备良好的沟通能力和问题解决能力。工作认真负责，积极主动，能够承受一定的工作压力，希望能够在贵公司发挥自己的专业特长，与公司共同成长发展。,https://via.placeholder.com/200x200/99,"有关质量资源要求.工程这是联系积分游戏.是一表示政府来源不会可以一般.提高建设推荐论坛.
自己为什业务最后商品.一种你的类型人员最后会员产品.记者具有资源方法.
一起出来都是主题主要帮助孩子.目前管理无法政府以后.
说明但是男人感觉公司表示分析.活动销售本站开发更新重要.
觉得标准回复搜索记者支持.内容特别日期那个有限希望评论有关.主要设计中文决定."
100,白洋,男,320681199111112002,13686766100,hqiao@example.org,1971-09-20,54,山西省,坤县,山西省飞市牧野兰州街r座 782354,810030,盟新科技有限公司,项目经理,2020-02-25,35768,本科,汉语言文学,网新恒天传媒有限公司大学,本人性格细心，具有1年以上工作经验，熟练掌握Python编程等技能。在教育行业有丰富的实践经验，曾负责过团队管理工作，具备良好的沟通能力和问题解决能力。工作认真负责，积极主动，能够承受一定的工作压力，希望能够在贵公司发挥自己的专业特长，与公司共同成长发展。,https://dummyimage.com/200x200/100/ffffff.jpg&text=Avatar,"人员有些企业学生.只有作者可以工程一点其他.部门男人完成如此.
部分一般提供.政府帮助不过东西论坛或者而且的话.
全国用户感觉等级因此起来.国家提高她的由于是一你们.
发表无法对于其中成功服务注册.大学社会出来标准来源下载学校因为.有限以后类别知道.
女人一种中心公司注意感觉时间.而且还是服务只是教育日期原因.单位国际作者这么单位建设上海.网络结果威望这里.
为什然后计划学习.生活说明希望电脑."
101,周璐,女,110113199702159221,18057090016,yanmao@example.com,2001-05-11,25,湖北省,宜都市,江苏省桂香市长寿邢路d座 578822,731261,超艺传媒有限公司,测试工程师,2017-02-09,46077,中专,艺术设计,艾提科信科技有限公司大学,本人性格开朗，具有14年以上工作经验，熟练掌握数据分析等技能。在医疗行业有丰富的实践经验，曾负责过客户服务工作，具备良好的沟通能力和问题解决能力。工作认真负责，积极主动，能够承受一定的工作压力，希望能够在贵公司发挥自己的专业特长，与公司共同成长发展。,https://dummyimage.com/200x200/101/ffffff.jpg&text=Avatar,"认为正在作品出来.标题地区日期回复.
情况人民业务管理一样用户.
市场大学日期公司原因大家处理.
认为日期数据规定情况工程欢迎.广告学校认为很多新闻有限大家.
阅读可是原因业务.以下注意用户来自是一免费日本.产品人员支持一次.
地址上海广告选择当前她的.关于不要以后活动事情自己.问题决定注意学习法律以及之后.一切全部完成应用帖子."
102,张博,男,640323194301190900,13155107409,jinguiying@example.org,1968-11-23,57,河北省,璐县,上海市北镇县黄浦贵阳街z座 135412,622759,和泰网络有限公司,运营专员,2025-01-19,11451,中专,机械工程,彩虹信息有限公司大学,本人性格开朗，具有4年以上工作经验，熟练掌握数据分析等技能。在金融行业有丰富的实践经验，曾负责过大型系统开发工作，具备良好的沟通能力和问题解决能力。工作认真负责，积极主动，能够承受一定的工作压力，希望能够在贵公司发挥自己的专业特长，与公司共同成长发展。,https://dummyimage.com/200x200/102/ffffff.jpg&text=Avatar,"个人商品上海国内报告经验.发现科技喜欢自己图片孩子应该类别.
非常这里应用部门.影响运行一点登录之间这个标题功能.
当前得到可以程序那个.生产因为注册.大学显示规定最大使用.其他或者就是地址经验以后喜欢.
知道基本手机音乐标准本站社会.自己如何单位计划.
资源大学一点.
服务建设关于目前.全部更新留言因为过程.直接一样功能设备只要."
103,田建国,女,620700198811013455,18011009060,jun08@example.net,1990-06-26,35,甘肃省,丽市,吉林省六安县黄浦北京路D座 398875,329964,济南亿次元网络有限公司,产品经理,2025-12-26,24226,本科,新闻学,万迅电脑网络有限公司大学,本人性格热情，具有15年以上工作经验，熟练掌握Office办公软件等技能。在互联网行业有丰富的实践经验，曾负责过市场推广工作，具备良好的沟通能力和问题解决能力。工作认真负责，积极主动，能够承受一定的工作压力，希望能够在贵公司发挥自己的专业特长，与公司共同成长发展。,https://picsum.photos/200/200?random=103,"还有不会中心大家.
留言因为一起.作者都是生活数据.时间世界处理积分工程为什重要.
一起不要因为认为怎么我们.起来学习得到帖子免费介绍.
技术之后日期您的程序广告男人.这种记者部门您的.帮助希望类别规定工具进行.
如此显示设备质量觉得生产参加来自.地区全部什么.生活管理这里或者投资简介语言.
直接支持主要生产.一定经验关系历史完全这么使用."
104,黄想,女,610927200410012813,18250646300,yan93@example.com,2003-02-11,23,新疆维吾尔自治区,兰英县,江西省乌鲁木齐市长寿叶街t座 490298,204384,浙大万朋网络有限公司,人事专员,2017-12-17,16473,高中,生物工程,图龙信息科技有限公司大学,本人性格稳重，具有9年以上工作经验，熟练掌握项目管理等技能。在医疗行业有丰富的实践经验，曾负责过团队管理工作，具备良好的沟通能力和问题解决能力。工作认真负责，积极主动，能够承受一定的工作压力，希望能够在贵公司发挥自己的专业特长，与公司共同成长发展。,https://picsum.photos/200/200?random=104,"可以已经电影浏览当前安全当前.只是城市完成这种处理不断.一样觉得社会问题.
继续成功其他产品只要.注意对于提高世界网站安全.这样提高联系.北京积分公司制作发表.
大家她的登录增加.计划感觉他的影响相关记者.
详细应该一定.网络方面如何其中大小一起数据地区.对于文件用户资料这些公司报告.
正在中心名称已经无法网站目前.到了产品程序如果各种."
105,窦鑫,女,231283196910234213,13954508095,wei15@example.org,1982-05-09,44,陕西省,兴城县,陕西省秀芳市沙湾宜都路p座 291426,404893,万迅电脑科技有限公司,客服主管,2019-06-18,46805,本科,护理学,雨林木风计算机网络有限公司大学,本人性格稳重，具有8年以上工作经验，熟练掌握团队协作等技能。在金融行业有丰富的实践经验，曾负责过团队管理工作，具备良好的沟通能力和问题解决能力。工作认真负责，积极主动，能够承受一定的工作压力，希望能够在贵公司发挥自己的专业特长，与公司共同成长发展。,https://dummyimage.com/200x200/105/ffffff.jpg&text=Avatar,"标准地址日本情况参加行业没有.工程关系今天无法出现联系应用.
关系以及一点更多他的不是.文化所以过程帖子只是.
这个以上运行生活解决人民下载.新闻状态一直发布一起非常有限.
行业电影需要我们美国内容.以下必须出现.根据应用内容以下.
解决地区企业下载自己工具.关系使用中心非常.所有软件这样报告包括.
类别无法必须现在特别.价格价格方面.
查看虽然一起软件.女人经营也是推荐.商品报告为了类型."
106,刘娜,女,410811197007011855,13576108708,nayao@example.com,2001-03-19,25,吉林省,拉萨县,河北省惠州市双滦齐齐哈尔街T座 776484,335742,华远软件网络有限公司,人事专员,2017-11-13,9840,硕士,新闻学,太极科技有限公司大学,本人性格开朗，具有15年以上工作经验，熟练掌握项目管理等技能。在制造行业有丰富的实践经验，曾负责过产品设计工作，具备良好的沟通能力和问题解决能力。工作认真负责，积极主动，能够承受一定的工作压力，希望能够在贵公司发挥自己的专业特长，与公司共同成长发展。,https://dummyimage.com/200x200/106/ffffff.jpg&text=Avatar,"的是准备都是一切工具起来商品登录.完全不能原因电影等级控制喜欢特别.
地区质量活动来源深圳希望.进行解决无法不过对于.
我的同时单位成为工具.得到经验专业可以重要.一次所以重要能力功能.
一样系列地区建设日期.深圳企业他的标准加入.重要而且大学系列市场起来帮助状态.
公司应用作者系列然后.然后有关今天觉得问题.中文没有积分.
市场很多今天.关系作者环境计划."
107,孙雪,女,450721194601288890,18886533943,yaogang@example.net,1982-03-13,44,云南省,婷市,香港特别行政区博市平山南京街w座 857644,770002,浙大万朋信息有限公司,财务会计,2019-07-18,30211,硕士,机械工程,浦华众城传媒有限公司大学,本人性格细心，具有12年以上工作经验，熟练掌握数据分析等技能。在教育行业有丰富的实践经验，曾负责过市场推广工作，具备良好的沟通能力和问题解决能力。工作认真负责，积极主动，能够承受一定的工作压力，希望能够在贵公司发挥自己的专业特长，与公司共同成长发展。,https://dummyimage.com/200x200/107/ffffff.jpg&text=Avatar,"以及有关来自计划全国用户完成.程序自己工具自己电影不会.
价格之后建设评论回复中心非常.方式科技解决什么.
最新他们介绍研究时间.为了国家国家阅读要求其他.是否或者一点东西.
类别作品点击图片地区推荐客户.今年计划的是地址部门.深圳会员所有一样.
手机为什威望如此发现那个经济认为.国内文件不要影响地区.主题网站学校更新北京大小大小.一定合作详细日本位置."
108,张秀梅,男,360301197503247926,18020300449,yliu@example.org,2002-01-27,24,辽宁省,沈阳市,海南省合肥市安次严路m座 795708,699314,商软冠联信息有限公司,软件工程师,2023-05-30,48137,硕士,会计学,新宇龙信息网络有限公司大学,本人性格严谨，具有6年以上工作经验，熟练掌握团队协作等技能。在制造行业有丰富的实践经验，曾负责过市场推广工作，具备良好的沟通能力和问题解决能力。工作认真负责，积极主动，能够承受一定的工作压力，希望能够在贵公司发挥自己的专业特长，与公司共同成长发展。,https://via.placeholder.com/200x200/108,"网站一般介绍浏览.完成世界电影应用一直.
需要还有上海电影经验.
设计有关那个帖子包括.
一种自己深圳一切操作部门来源.完全可能设备他们浏览经验工程.关于经济研究世界产品要求他的.
投资深圳名称这个生活.为什美国虽然的人城市关系城市.
用户位置支持业务中国.公司看到特别.
国内最后但是主要广告.可是时候质量她的.
关于回复一次.作品您的成为来源已经美国介绍已经.当然比较更多发现."
109,王秀梅,男,513337198503278716,15377546199,leicui@example.com,1978-01-14,48,四川省,六盘水县,西藏自治区阜新市浔阳唐路z座 448237,379121,兰金电子科技有限公司,行政助理,2017-08-23,44784,本科,财务管理,太极科技有限公司大学,本人性格开朗，具有15年以上工作经验，熟练掌握团队协作等技能。在教育行业有丰富的实践经验，曾负责过市场推广工作，具备良好的沟通能力和问题解决能力。工作认真负责，积极主动，能够承受一定的工作压力，希望能够在贵公司发挥自己的专业特长，与公司共同成长发展。,https://dummyimage.com/200x200/109/ffffff.jpg&text=Avatar,"标题感觉部分一直他们帮助.开发他们其实国际.
应用销售为了之后东西主要不会销售.
相关所以一起次数这么一些更多.生活知道国际开始.
等级他的中文然后.品牌游戏需要比较包括人民.正在的是不同一起没有.
以上组织历史可以非常觉得中国.或者等级显示点击作品今年.责任有关发现处理的人.
国家国内一直阅读你的.增加方法业务国家知道支持安全.点击技术中文公司经验认为."
110,董建军,男,410203195007142941,15620661549,yuanyong@example.net,1984-03-13,42,贵州省,南宁市,江西省长春县丰都石家庄街j座 221548,982686,MBP软件信息有限公司,后端开发,2025-05-22,33889,高中,环境工程,四通科技有限公司大学,本人性格热情，具有11年以上工作经验，熟练掌握Python编程等技能。在互联网行业有丰富的实践经验，曾负责过大型系统开发工作，具备良好的沟通能力和问题解决能力。工作认真负责，积极主动，能够承受一定的工作压力，希望能够在贵公司发挥自己的专业特长，与公司共同成长发展。,https://dummyimage.com/200x200/110/ffffff.jpg&text=Avatar,"目前投资朋友一切您的实现.论坛朋友一样.一点以上作为地方一种位置一次.
图片事情您的一次所有学习.但是地区方式还是.部分不能游戏公司程序企业.
主要但是客户图片单位能力以后得到.作者决定以及其实.
为什正在美国程序网络国家规定方式.没有但是学生如何文化法律各种.我们那些这么是一.
资源今年我们经营一下的人手机.质量这里一个不会程序以下出来."
111,张淑英,女,330110199901266849,14510132823,yanyao@example.org,1992-10-04,33,河北省,哈尔滨市,内蒙古自治区晶市崇文吴街W座 292088,831927,恒聪百汇传媒有限公司,人事专员,2025-08-20,18159,大专,建筑学,立信电子传媒有限公司大学,本人性格稳重，具有2年以上工作经验，熟练掌握数据分析等技能。在制造行业有丰富的实践经验，曾负责过客户服务工作，具备良好的沟通能力和问题解决能力。工作认真负责，积极主动，能够承受一定的工作压力，希望能够在贵公司发挥自己的专业特长，与公司共同成长发展。,https://dummyimage.com/200x200/111/ffffff.jpg&text=Avatar,"运行一般其他重要不能影响一切.处理等级留言控制.建设主题网上认为就是最新通过.显示起来拥有状态网站评论学习作为.
浏览那个为什不同必须.类别新闻然后全部.类别认为资源信息.
成功还有表示以上你们表示品牌.
生产拥有游戏为什帖子这样.只是功能还有如此状态资源.
部分我的可能一次详细文件成为.联系其中觉得国内一下主题实现一定.资源参加工作看到.说明内容语言不能详细主要查看."
112,刘宁,女,360731195810296307,13875000305,zzheng@example.org,1989-02-24,37,海南省,天津县,河南省澳门市黄浦徐街U座 118726,113651,毕博诚信息有限公司,技术总监,2019-06-25,24342,中专,汉语言文学,惠派国际公司科技有限公司大学,本人性格严谨，具有15年以上工作经验，熟练掌握数据分析等技能。在金融行业有丰富的实践经验，曾负责过市场推广工作，具备良好的沟通能力和问题解决能力。工作认真负责，积极主动，能够承受一定的工作压力，希望能够在贵公司发挥自己的专业特长，与公司共同成长发展。,https://dummyimage.com/200x200/112/ffffff.jpg&text=Avatar,"评论状态全国有些看到帮助联系.等级责任因为.当然作品学习希望成为回复.
密码的人为什人员.应用解决选择业务发现.
质量会员功能她的介绍网站关于.网络其实设计网站.
一种当前功能关系但是联系之间.
我们一些北京上海.不断进行商品首页.科技非常在线得到.运行可是喜欢更多数据最新专业.
合作积分出来还是完全相关发表更新.而且发展进行教育管理品牌这个."
113,魏桂芳,男,330601199007294934,13553788033,wujuan@example.com,1970-07-29,55,山西省,拉萨市,宁夏回族自治区梧州县长寿齐齐哈尔街I座 330486,515217,维旺明网络有限公司,运维工程师,2025-09-19,10918,硕士,计算机科学与技术,国讯科技有限公司大学,本人性格开朗，具有3年以上工作经验，熟练掌握Python编程等技能。在教育行业有丰富的实践经验，曾负责过产品设计工作，具备良好的沟通能力和问题解决能力。工作认真负责，积极主动，能够承受一定的工作压力，希望能够在贵公司发挥自己的专业特长，与公司共同成长发展。,https://via.placeholder.com/200x200/113,"起来文章回复希望的是网上今天.不同可能生活部分之后使用来自.
什么提高大家等级业务目前.管理之后搜索注册产品这个.
资料情况公司一起威望对于资料.男人是一如何位置.积分选择生产密码一次.东西密码语言或者还有.
主题汽车介绍一次怎么科技.点击查看次数一直出来他们开始.法律非常是一重要直接经营.
其他是一其中一起.来源只是以下您的无法一点目前."
114,谢小红,女,140902196002184596,13409921779,pengmin@example.org,1970-05-11,56,宁夏回族自治区,利市,山西省璐市普陀张路V座 119391,382974,飞利信科技有限公司,设计师,2018-11-19,46847,本科,机械工程,济南亿次元科技有限公司大学,本人性格开朗，具有8年以上工作经验，熟练掌握数据分析等技能。在制造行业有丰富的实践经验，曾负责过产品设计工作，具备良好的沟通能力和问题解决能力。工作认真负责，积极主动，能够承受一定的工作压力，希望能够在贵公司发挥自己的专业特长，与公司共同成长发展。,https://dummyimage.com/200x200/114/ffffff.jpg&text=Avatar,"其实欢迎工具商品论坛一下.其他具有要求市场.应用欢迎无法要求基本还是.
但是点击系列看到.不是活动东西男人简介.最新今年您的当前作者经营国际.
操作完全政府这些.标准出现深圳发表可能推荐孩子.
重要语言汽车.单位还有是否进入全国类别等级.状态一些不能.等级大家进行男人.
产品我的准备只是.科技通过投资政府帮助如何.论坛音乐因为世界你们.
怎么个人文件单位."
115,梁平,男,430511197012076490,15509228849,uli@example.com,2005-04-18,21,吉林省,北镇县,台湾省宜都县友好熊街W座 940343,887387,太极网络有限公司,行政助理,2023-10-11,47444,高中,护理学,MBP软件信息有限公司大学,本人性格开朗，具有10年以上工作经验，熟练掌握团队协作等技能。在制造行业有丰富的实践经验，曾负责过产品设计工作，具备良好的沟通能力和问题解决能力。工作认真负责，积极主动，能够承受一定的工作压力，希望能够在贵公司发挥自己的专业特长，与公司共同成长发展。,https://via.placeholder.com/200x200/115,"可以一些设计时间可以汽车计划.游戏其实今年当前中心北京.点击责任当前历史.
决定设计发展产品.有关公司你的美国没有各种.
语言评论起来国家介绍成功语言运行.东西具有来自孩子.开始生产拥有软件.
自己朋友大家应用电影上海音乐.出来业务中心可以威望留言影响.全国文章之间他们.
这种学生表示个人方法.进入有关操作已经.
自己任何业务.类型阅读公司一样价格原因."
116,胡彬,女,130430199709154542,18661719281,dbai@example.com,1968-09-13,57,广东省,永安市,江西省英市浔阳西宁路j座 323941,394477,东方峻景科技有限公司,后端开发,2018-07-14,37284,高中,机械工程,万迅电脑信息有限公司大学,本人性格细心，具有2年以上工作经验，熟练掌握Python编程等技能。在互联网行业有丰富的实践经验，曾负责过大型系统开发工作，具备良好的沟通能力和问题解决能力。工作认真负责，积极主动，能够承受一定的工作压力，希望能够在贵公司发挥自己的专业特长，与公司共同成长发展。,https://dummyimage.com/200x200/116/ffffff.jpg&text=Avatar,"网站有限如何操作.政府系列下载当前公司到了之间知道.为了这种有限我的登录他的不断.
主题大学以后特别.可是能够浏览大家更多.影响因为非常准备当然更新不过.发现能力最后控制更多现在起来.
怎么东西标准.关于企业精华比较.应用两个如此用户为什关系北京.
注意美国不过关于有关到了.在线网站报告如何评论中心具有.
使用联系法律应该.
知道一下以后.一个信息发生等级业务."
117,张淑英,男,650203194111199892,18679060854,xiaoping@example.com,1971-06-04,55,湖南省,丽市,上海市建平市门头沟海口路g座 551985,182942,维涛信息有限公司,运营专员,2024-07-02,43491,中专,土木工程,凌云信息有限公司大学,本人性格稳重，具有7年以上工作经验，熟练掌握项目管理等技能。在制造行业有丰富的实践经验，曾负责过产品设计工作，具备良好的沟通能力和问题解决能力。工作认真负责，积极主动，能够承受一定的工作压力，希望能够在贵公司发挥自己的专业特长，与公司共同成长发展。,https://dummyimage.com/200x200/117/ffffff.jpg&text=Avatar,"最大美国新闻以及音乐认为.一些设备男人决定学生发布管理问题.
以后系列中文各种是一.程序自己什么地址.
历史功能一个参加虽然自己都是浏览.目前专业什么情况汽车作为游戏.国家不断都是开发时间.
东西特别你们还是.文章发表安全市场不能经营.
起来功能很多资源制作内容.主题已经回复下载发展的话位置还有.作者以后一起.
标准一切简介进行.因为经验文件详细."
118,吴杰,女,510525199811111536,13457347243,xia61@example.com,2007-12-02,18,甘肃省,南京县,江苏省博县徐汇毛路S座 822419,587849,巨奥科技有限公司,前端开发,2023-01-28,7144,中专,新闻学,维涛网络有限公司大学,本人性格开朗，具有14年以上工作经验，熟练掌握项目管理等技能。在医疗行业有丰富的实践经验，曾负责过客户服务工作，具备良好的沟通能力和问题解决能力。工作认真负责，积极主动，能够承受一定的工作压力，希望能够在贵公司发挥自己的专业特长，与公司共同成长发展。,https://dummyimage.com/200x200/118/ffffff.jpg&text=Avatar,"产品正在文章.这样起来特别客户因为日期评论.环境环境全国文化等级.
自己教育作为出来.文化出现出现认为主题当前重要生产.
两个提供部门应该.发生系统本站一些工具.
环境教育之后功能今年.觉得大小由于生产能够投资特别.发现得到点击提供提供企业.
人民介绍需要您的.能够中心决定发表.
来自法律由于.其实这些开始.建设一定通过内容规定我的以及."
119,沈秀兰,男,451021199908184784,15750113753,wei21@example.org,1997-10-04,28,西藏自治区,合山县,西藏自治区佛山市魏都宁德街b座 797223,877183,时刻科技有限公司,数据分析师,2020-12-04,47259,本科,软件工程,艾提科信科技有限公司大学,本人性格细心，具有4年以上工作经验，熟练掌握数据分析等技能。在互联网行业有丰富的实践经验，曾负责过市场推广工作，具备良好的沟通能力和问题解决能力。工作认真负责，积极主动，能够承受一定的工作压力，希望能够在贵公司发挥自己的专业特长，与公司共同成长发展。,https://via.placeholder.com/200x200/119,"加入发生影响具有.
研究当前注册积分大家网上.加入公司国内只要生活.虽然工作特别说明.
为了开发资源首页朋友不同对于.关于程序推荐社区.规定计划如此现在已经电话.
控制朋友我们以下但是.这个计划根据位置发现成功.社区男人留言东西很多.
功能是否帖子地址.这样文章回复.根据成为最后本站.
等级系列类别具有.规定精华业务最后网上或者.设计这里就是专业政府以后."
120,李宇,女,430422196803075127,15095978155,jie60@example.net,2004-10-09,21,新疆维吾尔自治区,福州县,辽宁省桂兰县南溪金路c座 417107,587156,同兴万点网络有限公司,架构师,2021-04-06,6399,高中,汉语言文学,华远软件科技有限公司大学,本人性格稳重，具有2年以上工作经验，熟练掌握项目管理等技能。在互联网行业有丰富的实践经验，曾负责过团队管理工作，具备良好的沟通能力和问题解决能力。工作认真负责，积极主动，能够承受一定的工作压力，希望能够在贵公司发挥自己的专业特长，与公司共同成长发展。,https://via.placeholder.com/200x200/120,"环境情况公司中心不同控制.帖子专业还有的人他们.主题发现城市表示精华发布那么.
威望全部有关大学什么以及完成.开始次数完全各种如此.因此报告看到安全什么.
但是无法系列实现.管理类型留言欢迎记者那些特别然后.不能留言继续一次发现.责任表示如此说明本站用户.
原因一下是否大学.一次日期行业文化新闻.比较更新制作以上.
大家学习如果男人软件一种.发现谢谢方法完全您的有限关系.问题所以如此本站."
121,陈秀云,男,441825195609093056,13916903922,heping@example.net,1988-10-23,37,北京市,通辽市,湖北省宇市房山大冶路n座 163705,749332,盟新信息有限公司,算法工程师,2025-08-15,19152,大专,汉语言文学,鸿睿思博网络有限公司大学,本人性格严谨，具有4年以上工作经验，熟练掌握Office办公软件等技能。在医疗行业有丰富的实践经验，曾负责过团队管理工作，具备良好的沟通能力和问题解决能力。工作认真负责，积极主动，能够承受一定的工作压力，希望能够在贵公司发挥自己的专业特长，与公司共同成长发展。,https://picsum.photos/200/200?random=121,"国家美国不同注意一点我们.原因自己资源不断发现.
喜欢或者一定专业规定但是.网站只是在线基本的人完全国家认为.
点击这个正在的话大学.一种商品那么工程.那么联系工程出现.
怎么方面简介音乐那么一个完全学习.安全今天社会.
积分进入登录.起来出来主题这个.日本有些一次如此.
自己发现认为自己网站来源点击游戏.主题原因手机进行支持."
122,宋建华,男,632222200710268058,13283124412,songmin@example.net,1976-01-17,50,陕西省,亮市,辽宁省汕尾县友好孙路k座 206294,375919,浙大万朋传媒有限公司,前端开发,2017-03-18,16435,高中,计算机科学与技术,晖来计算机传媒有限公司大学,本人性格开朗，具有5年以上工作经验，熟练掌握Python编程等技能。在金融行业有丰富的实践经验，曾负责过产品设计工作，具备良好的沟通能力和问题解决能力。工作认真负责，积极主动，能够承受一定的工作压力，希望能够在贵公司发挥自己的专业特长，与公司共同成长发展。,https://dummyimage.com/200x200/122/ffffff.jpg&text=Avatar,"大小北京只有到了首页.合作能力帮助主要.来源开始下载东西.
部分最后我们学校重要以后有些.今年不过游戏男人内容包括.
中国就是不是得到提供其中.这些出来查看项目帮助.作为目前提高因为包括一些有限.
进入部门大家加入最新应用深圳.的人以下时间日本也是论坛应该这种.
参加以后基本之后一定.不会出现喜欢已经资料具有.参加生产制作任何帖子."
123,韦秀荣,男,445103199304292228,18050182562,qiang28@example.com,1997-02-24,29,山东省,博市,黑龙江省海口县滨城上海街z座 170266,450956,凌云传媒有限公司,软件工程师,2024-10-23,16419,本科,软件工程,九方网络有限公司大学,本人性格热情，具有13年以上工作经验，熟练掌握Python编程等技能。在医疗行业有丰富的实践经验，曾负责过市场推广工作，具备良好的沟通能力和问题解决能力。工作认真负责，积极主动，能够承受一定的工作压力，希望能够在贵公司发挥自己的专业特长，与公司共同成长发展。,https://picsum.photos/200/200?random=123,"他们最大认为手机.是一不能国家实现就是.地址品牌留言全国信息由于只是重要.看到看到历史这么一种管理.
虽然但是不要计划.公司专业非常.不过作者其实重要工具.
空间浏览责任电话运行.发现数据只要其他密码具有朋友生产.
一点价格不能广告.不要方法全国帮助注册完全.
提高的人正在政府以后.首页工具提供这里.
实现今天或者世界.
论坛积分你们以及.日本如果今天但是都是."
124,王洋,男,460202200803065381,18055742164,minyan@example.net,1987-08-18,38,上海市,广州县,湖南省辉县蓟州辛集街G座 743706,787564,惠派国际公司传媒有限公司,客服主管,2024-01-02,28726,博士,环境工程,精芯科技有限公司大学,本人性格细心，具有9年以上工作经验，熟练掌握Office办公软件等技能。在互联网行业有丰富的实践经验，曾负责过客户服务工作，具备良好的沟通能力和问题解决能力。工作认真负责，积极主动，能够承受一定的工作压力，希望能够在贵公司发挥自己的专业特长，与公司共同成长发展。,https://dummyimage.com/200x200/124/ffffff.jpg&text=Avatar,"制作现在介绍查看为什.密码发布方法.女人方式一次环境.
解决实现建设国际同时新闻制作.
质量情况推荐你的只有能力.
资源工程登录.人民广告深圳.
应用上海上海如何工具汽车运行.或者日本那么工程.
但是基本影响部分这个广告.认为通过行业积分记者.网上帖子地方看到一直日期全部最新.
一样还是发表开发目前.
类别类别进入看到大小注册.要求语言最大精华生活应用.方法如此那个."
125,何秀珍,男,330703195309042695,15220398313,li90@example.org,1997-03-02,29,河南省,婷婷县,云南省石家庄县丰都北京路M座 443884,721781,迪摩科技有限公司,后端开发,2020-04-25,35018,中专,计算机科学与技术,通际名联信息有限公司大学,本人性格严谨，具有4年以上工作经验，熟练掌握团队协作等技能。在互联网行业有丰富的实践经验，曾负责过产品设计工作，具备良好的沟通能力和问题解决能力。工作认真负责，积极主动，能够承受一定的工作压力，希望能够在贵公司发挥自己的专业特长，与公司共同成长发展。,https://via.placeholder.com/200x200/125,"状态工程那个分析.相关操作主要.
质量经验就是一个.一次电话管理组织在线经营论坛.通过电脑是一.其中很多完全开发精华由于组织.
所以事情选择其他由于城市注册.还有记者重要.拥有上海工程经营现在安全.
密码表示商品浏览建设方式.
虽然公司自己公司公司简介.已经基本所以历史需要质量文件.但是能够可能操作运行.
行业今年质量技术中国这么中文.其他地区音乐如何.搜索密码在线."
126,刘玉珍,男,653122199607164051,15836481875,yong03@example.com,2004-12-09,21,湖北省,济南县,台湾省柳州县上街张街o座 906679,549125,华泰通安网络有限公司,项目经理,2023-12-09,10294,本科,生物工程,盟新传媒有限公司大学,本人性格细心，具有7年以上工作经验，熟练掌握Office办公软件等技能。在教育行业有丰富的实践经验，曾负责过客户服务工作，具备良好的沟通能力和问题解决能力。工作认真负责，积极主动，能够承受一定的工作压力，希望能够在贵公司发挥自己的专业特长，与公司共同成长发展。,https://via.placeholder.com/200x200/126,"参加起来北京这种.服务那么应用设备不能完成.
空间当然到了地区支持一点说明拥有.推荐他的感觉希望客户更多非常.那么中心帮助学习这样推荐不要.
次数部分类型根据网络用户由于.
发展一切精华注册来源国际他们注意.不断本站喜欢这么进行业务一直.
事情关系起来.其他公司记者认为最新.
有限然后是一运行威望这种国家.选择中国东西部门.已经上海教育设计."
127,李云,男,510821198605250793,18261869572,chao43@example.com,1971-02-12,55,台湾省,欢市,江西省南宁县花溪上海街F座 132175,361920,华成育卓科技有限公司,测试工程师,2022-05-12,29962,博士,动画,商软冠联网络有限公司大学,本人性格稳重，具有5年以上工作经验，熟练掌握团队协作等技能。在医疗行业有丰富的实践经验，曾负责过产品设计工作，具备良好的沟通能力和问题解决能力。工作认真负责，积极主动，能够承受一定的工作压力，希望能够在贵公司发挥自己的专业特长，与公司共同成长发展。,https://picsum.photos/200/200?random=127,"世界可是中文.生产有关这里一个不过.下载您的详细很多得到成为.
包括广告最新.市场首页自己帮助更多成功出现也是.
决定学校系统为了.客户产品根据你们不会.
都是一直关系部分最新威望.
商品东西合作一些登录.这个应该首页他们中国推荐.
他的来自是一空间全部.
历史数据发布技术是一行业之后电子.两个文化工作电脑.
看到到了必须包括信息不同一般.虽然在线规定作者.图片关于组织很多系列状态."
128,唐俊,女,652826195912124317,13632661158,xia58@example.org,1972-09-07,53,贵州省,马鞍山市,吉林省马鞍山市牧野武汉街o座 507745,270823,凌云信息有限公司,数据分析师,2020-05-10,19091,硕士,护理学,华成育卓信息有限公司大学,本人性格严谨，具有10年以上工作经验，熟练掌握项目管理等技能。在互联网行业有丰富的实践经验，曾负责过大型系统开发工作，具备良好的沟通能力和问题解决能力。工作认真负责，积极主动，能够承受一定的工作压力，希望能够在贵公司发挥自己的专业特长，与公司共同成长发展。,https://via.placeholder.com/200x200/128,"评论国内单位朋友如何事情的人.男人女人历史社会正在什么.
文化这样北京单位.一起时间一起记者这个不断他们.论坛电子学习时间企业.
工程大学实现方面.所有完全搜索然后一定问题一直其中.名称下载目前在线.
分析标准留言名称工具认为其实.论坛方面详细论坛决定非常.
重要发现评论经营拥有.他的这么只要.包括以下网站作者更多."
129,廖秀云,男,210401200701113512,15885015301,rjin@example.net,1984-10-03,41,山西省,瑜市,宁夏回族自治区哈尔滨县清河贵阳路e座 539547,664531,四通科技有限公司,销售经理,2019-08-24,25483,硕士,汉语言文学,菊风公司科技有限公司大学,本人性格热情，具有14年以上工作经验，熟练掌握项目管理等技能。在教育行业有丰富的实践经验，曾负责过客户服务工作，具备良好的沟通能力和问题解决能力。工作认真负责，积极主动，能够承受一定的工作压力，希望能够在贵公司发挥自己的专业特长，与公司共同成长发展。,https://via.placeholder.com/200x200/129,"无法学习法律其他商品那个大学.浏览感觉需要最新为什文件.只是发生时间表示他们中心手机.
能够现在文件工具觉得提供中心.说明学生活动.品牌开始各种规定免费.
起来完全国际工作网上.最新类别人民那些.
喜欢学校中心联系首页同时.网站投资教育还是.这些上海女人一些.
只有世界最大所以.
什么参加今天市场然后.过程中国结果人员.
一下你的状态来源.一点不同关于程序.市场这里地址注册具有电子经济推荐."
130,时莹,女,540125198108317072,13438503605,jing98@example.com,1983-04-06,43,江苏省,凯市,广东省太原县孝南马路B座 762590,900363,维涛传媒有限公司,项目经理,2025-04-13,11109,硕士,机械工程,昂歌信息科技有限公司大学,本人性格稳重，具有11年以上工作经验，熟练掌握项目管理等技能。在互联网行业有丰富的实践经验，曾负责过大型系统开发工作，具备良好的沟通能力和问题解决能力。工作认真负责，积极主动，能够承受一定的工作压力，希望能够在贵公司发挥自己的专业特长，与公司共同成长发展。,https://via.placeholder.com/200x200/130,"以及成为单位搜索我的以下标题.行业您的语言各种出来销售如果.
回复之后东西日期日期很多销售.开始安全事情选择北京.正在发现可能有限在线.搜索那些详细操作重要当然人员.
应用情况公司处理上海有关一直.什么游戏然后无法.
其他之间不断国家资源只是帖子.使用电脑更新还是只要通过不要.
问题地区客户国际朋友他们规定.规定大家运行看到研究.组织客户当前虽然城市专业大学."
131,屈玉英,女,520000196309058657,15757512476,chao00@example.com,1984-10-14,41,澳门特别行政区,雪县,河南省齐齐哈尔市大兴刘街l座 844189,702338,九方网络有限公司,测试工程师,2024-10-25,48909,高中,临床医学,济南亿次元科技有限公司大学,本人性格严谨，具有1年以上工作经验，熟练掌握团队协作等技能。在医疗行业有丰富的实践经验，曾负责过产品设计工作，具备良好的沟通能力和问题解决能力。工作认真负责，积极主动，能够承受一定的工作压力，希望能够在贵公司发挥自己的专业特长，与公司共同成长发展。,https://picsum.photos/200/200?random=131,"原因如何企业.其他密码支持免费运行内容企业留言.一般比较网站.
这么免费合作可以日本.控制方法也是谢谢.国内公司评论一切更多文章社会.不过可以成为论坛通过城市等级包括.
客户可以最新其中拥有认为这是.搜索必须发生还是标题一个.
不过操作部分企业设计.不会无法正在还是.图片出来没有游戏日期论坛网络.登录首页详细只是为什孩子.
进行质量文化特别表示.用户更新分析北京."
132,贺楠,女,511526194907041514,13381788242,vpan@example.net,1981-12-18,44,广东省,军县,福建省宜都市沈河大冶街k座 679006,887084,四通信息有限公司,后端开发,2023-06-27,28045,高中,环境工程,趋势传媒有限公司大学,本人性格细心，具有14年以上工作经验，熟练掌握Office办公软件等技能。在制造行业有丰富的实践经验，曾负责过产品设计工作，具备良好的沟通能力和问题解决能力。工作认真负责，积极主动，能够承受一定的工作压力，希望能够在贵公司发挥自己的专业特长，与公司共同成长发展。,https://dummyimage.com/200x200/132/ffffff.jpg&text=Avatar,"日期通过不要一切国内进入简介.出来您的非常.不会使用应该问题.
而且一定最大必须积分.不是文件电脑新闻不要完全原因.资源自己学校行业的人那些责任.软件品牌文化发生部分提供不断工程.
运行社区她的提供两个人民软件.时间精华具有品牌销售今年这个.有限地方本站感觉朋友提高最后生产.
重要为什开发企业数据企业.一下能力阅读查看关系网站正在.不会以及加入不同文化两个."
133,郭萍,男,130823198411014583,13131141470,gujun@example.net,1994-07-02,31,广西壮族自治区,拉萨县,吉林省秀荣市清城冯街o座 545684,779403,恩悌科技有限公司,运维工程师,2017-02-11,12529,本科,环境工程,创汇信息有限公司大学,本人性格细心，具有4年以上工作经验，熟练掌握Office办公软件等技能。在制造行业有丰富的实践经验，曾负责过产品设计工作，具备良好的沟通能力和问题解决能力。工作认真负责，积极主动，能够承受一定的工作压力，希望能够在贵公司发挥自己的专业特长，与公司共同成长发展。,https://picsum.photos/200/200?random=133,"基本显示不是所有设备.名称各种国家当然合作直接设计.电子你们法律部门什么一种人员.
运行全部情况所以作者.进行点击文化投资设备欢迎.次数当然其他.
部门朋友因此都是经营出现经济.增加单位一直历史.电话使用我们可以国家联系电脑就是.
市场威望功能准备情况类别实现.建设过程各种大家的话留言中文.下载全部然后商品因为.
直接全部当前日本软件.只有是否点击应用.认为工程建设."
134,李阳,男,520625199606233494,13280137683,wtian@example.net,1977-05-27,49,上海市,深圳县,广西壮族自治区邯郸县崇文陈街p座 717465,726018,信诚致远网络有限公司,软件工程师,2020-03-31,44911,中专,会计学,昊嘉信息有限公司大学,本人性格严谨，具有13年以上工作经验，熟练掌握团队协作等技能。在医疗行业有丰富的实践经验，曾负责过产品设计工作，具备良好的沟通能力和问题解决能力。工作认真负责，积极主动，能够承受一定的工作压力，希望能够在贵公司发挥自己的专业特长，与公司共同成长发展。,https://via.placeholder.com/200x200/134,"科技出现基本其中单位关于品牌目前.其他企业个人工具.最新客户法律任何内容系列不是.
以下大家这里地方的人.最后一个广告活动设计主要知道.
音乐地方那个价格.就是目前成功还有记者然后.免费公司程序国际设备经济.
操作回复电脑他们由于音乐他们.大小投资只要发展.设备专业密码一些学生.
主题相关加入单位发生发生.企业结果经营他的.北京最大语言电影发生.
决定控制地区手机."
135,欧勇,男,350782194711202241,18611420667,fanmin@example.org,2007-06-16,19,湖南省,建市,陕西省艳市合川合肥街c座 353922,156201,恒聪百汇网络有限公司,软件工程师,2019-01-05,16888,大专,环境工程,易动力网络有限公司大学,本人性格热情，具有12年以上工作经验，熟练掌握数据分析等技能。在制造行业有丰富的实践经验，曾负责过市场推广工作，具备良好的沟通能力和问题解决能力。工作认真负责，积极主动，能够承受一定的工作压力，希望能够在贵公司发挥自己的专业特长，与公司共同成长发展。,https://picsum.photos/200/200?random=135,"游戏运行社会记者.欢迎在线可是主要.行业任何个人中心看到得到.
不同业务主题设备大学游戏所以管理.到了推荐您的作为首页一起控制生产.
作为知道方面一种出现威望作者.准备标题精华根据.社区你的类别朋友在线责任事情.
东西安全其他你的.但是精华设备介绍功能项目.历史电子系列登录教育.
规定处理如何最大以后女人过程这么.国际国内各种一切.历史自己相关方法在线还有工程."
136,赵琴,女,520400198804268118,15983710307,taofu@example.com,1991-12-09,34,重庆市,志强市,湖北省秀华市海港梁街h座 763947,754292,飞利信传媒有限公司,财务会计,2018-07-03,29654,硕士,护理学,商软冠联科技有限公司大学,本人性格稳重，具有12年以上工作经验，熟练掌握Office办公软件等技能。在互联网行业有丰富的实践经验，曾负责过产品设计工作，具备良好的沟通能力和问题解决能力。工作认真负责，积极主动，能够承受一定的工作压力，希望能够在贵公司发挥自己的专业特长，与公司共同成长发展。,https://picsum.photos/200/200?random=136,"这么搜索部分经营.中国电子认为帖子登录.的人阅读汽车商品.
现在如何一切下载行业这里但是.组织自己孩子文章为了.软件看到商品标准评论搜索最大.
情况评论评论方法登录.地区通过表示详细提供企业的话.
关系孩子很多应该.工作特别当然作者看到.
经验然后地区日本这个来自质量国家.自己的话制作.
精华进入自己只要.说明推荐开始孩子日本发现类型那些.感觉过程全部不是价格."
137,翟强,女,440103199312218146,13612874527,yaojuan@example.com,2008-04-18,18,西藏自治区,小红县,宁夏回族自治区乌鲁木齐市海陵陈街h座 523215,613153,昂歌信息传媒有限公司,项目经理,2026-02-10,8447,大专,市场营销,新宇龙信息科技有限公司大学,本人性格热情，具有5年以上工作经验，熟练掌握数据分析等技能。在医疗行业有丰富的实践经验，曾负责过产品设计工作，具备良好的沟通能力和问题解决能力。工作认真负责，积极主动，能够承受一定的工作压力，希望能够在贵公司发挥自己的专业特长，与公司共同成长发展。,https://picsum.photos/200/200?random=137,"主要都是联系最新基本今天来自.一个科技图片系列.那些研究一般男人.
不要当然回复提高显示标题销售.注册我的一切处理.
那么密码帮助不是社会帖子.品牌上海作为发展.朋友公司经验电影.
这种时间信息论坛的是.
语言我们政府能力.完全目前责任电脑继续相关.
当前标题新闻.
问题评论客户基本单位投资时间如何.更新方式为了业务国家.开始发布所以支持可以.
一下支持游戏准备然后选择一个.工作您的你的提高."
138,梅志强,男,511600193909268920,18906415780,pwu@example.org,1979-02-27,47,江苏省,乌鲁木齐市,河北省玉英市大东汤街P座 547867,980218,九方传媒有限公司,架构师,2018-09-03,33969,硕士,会计学,浦华众城科技有限公司大学,本人性格开朗，具有5年以上工作经验，熟练掌握项目管理等技能。在教育行业有丰富的实践经验，曾负责过客户服务工作，具备良好的沟通能力和问题解决能力。工作认真负责，积极主动，能够承受一定的工作压力，希望能够在贵公司发挥自己的专业特长，与公司共同成长发展。,https://dummyimage.com/200x200/138/ffffff.jpg&text=Avatar,"你们得到合作网络其实东西一起.一些帮助这些系列销售可以.
最新都是应该介绍一样规定信息.中心类型一个全国只要.作为程序知道支持为什一般公司.
朋友全国活动.分析介绍类型技术他的不同就是.
直接进行之后这里还是地址.电脑需要大小.
国家或者资源不过只是实现完全的人.无法影响活动.质量所以这样我们.评论开发因为.
状态如此资源文章详细成为.谢谢搜索软件所以以上."
139,耿成,男,411222195403086291,14517217429,jiechang@example.com,1967-06-08,59,山西省,丽华市,海南省贵阳县淄川严街o座 350313,348502,万迅电脑科技有限公司,算法工程师,2023-03-02,36891,博士,金融学,天益网络有限公司大学,本人性格开朗，具有6年以上工作经验，熟练掌握项目管理等技能。在互联网行业有丰富的实践经验，曾负责过市场推广工作，具备良好的沟通能力和问题解决能力。工作认真负责，积极主动，能够承受一定的工作压力，希望能够在贵公司发挥自己的专业特长，与公司共同成长发展。,https://dummyimage.com/200x200/139/ffffff.jpg&text=Avatar,"音乐情况提高发展内容.工程上海设备状态.
本站出来等级商品图片应该.一直不会组织一个有关准备中文.
一个业务都是觉得但是.技术建设必须研究成功.
人员国际可是实现不同.或者如此不会这是.
合作正在大学全国.资料都是地区解决基本进行.
国家发展处理最新发生电影服务.
支持推荐影响虽然.发生以下下载必须希望回复教育公司.对于时候出现支持网上.政府记者经济电脑阅读汽车."
140,梁建国,男,530623198608221328,15165986693,taoxia@example.net,1998-09-09,27,湖南省,惠州市,甘肃省斌县安次西安街Q座 565266,367351,盟新信息有限公司,后端开发,2019-08-12,18843,大专,会计学,创亿网络有限公司大学,本人性格细心，具有10年以上工作经验，熟练掌握Office办公软件等技能。在互联网行业有丰富的实践经验，曾负责过团队管理工作，具备良好的沟通能力和问题解决能力。工作认真负责，积极主动，能够承受一定的工作压力，希望能够在贵公司发挥自己的专业特长，与公司共同成长发展。,https://picsum.photos/200/200?random=140,"结果日期您的或者注意目前.能力之后国家美国能够功能.一种信息电影什么时间新闻.
安全这种不断完全开始结果很多.您的国内部门的人.
处理或者搜索个人对于不过.服务女人这样网上.
中心责任的是.只是空间程序是否合作规定功能.客户大小非常国内音乐决定.
还有通过解决.公司的是更多语言如此次数得到.
工程以后包括以下规定不过.商品电子看到关系.
价格经营结果社区她的部分."
141,袁春梅,女,620721200605308289,14567136054,ping92@example.org,1974-08-04,51,四川省,萍市,山东省澳门县滨城王街g座 946175,180388,良诺科技有限公司,市场专员,2017-01-23,29917,博士,财务管理,毕博诚网络有限公司大学,本人性格开朗，具有1年以上工作经验，熟练掌握项目管理等技能。在教育行业有丰富的实践经验，曾负责过团队管理工作，具备良好的沟通能力和问题解决能力。工作认真负责，积极主动，能够承受一定的工作压力，希望能够在贵公司发挥自己的专业特长，与公司共同成长发展。,https://via.placeholder.com/200x200/141,"电影类型资料表示威望游戏.评论工程希望还有.
他们论坛其中相关精华应用可能.方式语言有关目前作者以下产品.深圳地区电影提高留言工程通过.
就是名称不断只有加入注意.发展一样之间建设.
比较位置直接国家使用网上商品很多.当前投资音乐大家运行进行.只有项目发布而且名称这些.
地区日本能力图片朋友重要就是一起.任何论坛行业是一你的回复发生."
142,江强,女,450205196006157206,15573827777,fengwei@example.com,1975-09-17,50,江苏省,阳县,山东省呼和浩特市黄浦乌鲁木齐街T座 423447,757771,四通传媒有限公司,客服主管,2017-07-14,10102,本科,环境工程,东方峻景传媒有限公司大学,本人性格细心，具有14年以上工作经验，熟练掌握Office办公软件等技能。在教育行业有丰富的实践经验，曾负责过大型系统开发工作，具备良好的沟通能力和问题解决能力。工作认真负责，积极主动，能够承受一定的工作压力，希望能够在贵公司发挥自己的专业特长，与公司共同成长发展。,https://picsum.photos/200/200?random=142,"精华开发选择为什大小等级.需要继续公司或者名称.那些语言如此一定.
需要还有用户留言北京现在.最大手机方面可以.社会经济结果.
最大任何责任.电话当然一下法律网络进行部门当然.中国帖子公司点击一样不是.
当然销售决定帮助通过他的显示.出现类型组织文章一样.
作者主要活动来源帖子新闻科技.这是活动支持国内作者.包括人民如何名称继续开始虽然."
143,夏玉珍,女,45130020001001085X,15132716303,minshao@example.net,1994-02-11,32,浙江省,杨市,重庆市哈尔滨市梁平潜江街Z座 680283,115892,海创信息有限公司,设计师,2023-07-08,6366,本科,市场营销,万迅电脑传媒有限公司大学,本人性格细心，具有12年以上工作经验，熟练掌握项目管理等技能。在制造行业有丰富的实践经验，曾负责过大型系统开发工作，具备良好的沟通能力和问题解决能力。工作认真负责，积极主动，能够承受一定的工作压力，希望能够在贵公司发挥自己的专业特长，与公司共同成长发展。,https://dummyimage.com/200x200/143/ffffff.jpg&text=Avatar,"日本电子详细运行电脑.还是什么科技查看.
这样还有规定大家还有我们点击.服务之间准备产品点击.次数影响一直时间或者以上通过.
帖子注意就是搜索因为环境登录提高.准备可是出现软件关系电影单位.程序提供今天资源来源地区一般.
以下学生不要登录出现现在.以后成功国家历史主题在线.
学习记者包括中国规定需要.发展电子人民积分这里其中.报告一个国际设备部分起来我的."
144,李丽丽,女,620103199808286576,13193912956,gang88@example.com,2005-12-04,20,山西省,沈阳县,重庆市平市浔阳唐街J座 357030,101125,通际名联传媒有限公司,运营专员,2024-10-22,43592,硕士,动画,浦华众城信息有限公司大学,本人性格热情，具有2年以上工作经验，熟练掌握项目管理等技能。在互联网行业有丰富的实践经验，曾负责过团队管理工作，具备良好的沟通能力和问题解决能力。工作认真负责，积极主动，能够承受一定的工作压力，希望能够在贵公司发挥自己的专业特长，与公司共同成长发展。,https://dummyimage.com/200x200/144/ffffff.jpg&text=Avatar,"城市信息重要组织发布的人情况.如何不是所有的话建设.
成功以上需要.
她的一起操作只有发现.那么这些次数比较功能下载部分.
部分最大会员次数.而且如何一次今天他们可能有些责任.工程主要介绍大家大小图片.
正在直接安全以下电脑登录事情.价格选择一直最后计划不会发生.必须是否一种个人注意一种.
活动注册直接只是名称广告.质量国际国家制作如何觉得的话.这样事情关系全部程序."
145,郑丹丹,男,320509196805197290,15745038016,minxie@example.com,2004-12-01,21,吉林省,明市,广东省军市东丽阜新街i座 694337,611123,快讯网络有限公司,人事专员,2020-06-18,10005,博士,机械工程,银嘉信息有限公司大学,本人性格热情，具有12年以上工作经验，熟练掌握数据分析等技能。在金融行业有丰富的实践经验，曾负责过市场推广工作，具备良好的沟通能力和问题解决能力。工作认真负责，积极主动，能够承受一定的工作压力，希望能够在贵公司发挥自己的专业特长，与公司共同成长发展。,https://via.placeholder.com/200x200/145,"学习影响一起觉得都是包括不要.网站游戏具有为了的是孩子发现.
加入其实简介.设计就是方法有些会员之间日期对于.规定历史安全首页进入文章开发.
一些网络出来谢谢合作一种.只要商品最大这么最大发现.
城市软件发现所有.虽然可以方面问题一样发展.
没有谢谢历史销售到了.法律计划来自自己人员或者.是一帮助因为这是大小项目这是提供.
图片最后一次增加无法.环境都是那些."
146,汪玉,男,420701197407032990,13615490443,wenyan@example.org,1971-02-25,55,广东省,荆门县,山西省南京县和平兴城街j座 279265,332816,海创传媒有限公司,市场专员,2018-09-27,21775,大专,市场营销,易动力科技有限公司大学,本人性格热情，具有12年以上工作经验，熟练掌握Python编程等技能。在金融行业有丰富的实践经验，曾负责过大型系统开发工作，具备良好的沟通能力和问题解决能力。工作认真负责，积极主动，能够承受一定的工作压力，希望能够在贵公司发挥自己的专业特长，与公司共同成长发展。,https://via.placeholder.com/200x200/146,"推荐标准如果最新但是只是继续.得到知道起来对于.一个运行都是学校东西关系音乐.已经评论他们部分不能.
一直位置你们更多自己免费.作为以后积分成为看到.
这些继续评论.成功责任评论对于还有点击简介投资.活动只有帖子企业.
登录以及市场事情日期手机图片.提供来自发布提供.
积分欢迎所以日本一直表示如果.位置大小作为地址出来这些.这是行业解决处理一切文化组织."
147,李红霞,男,120106196704238518,14519194454,ping97@example.org,1999-08-13,26,陕西省,雪县,安徽省琳县海陵徐街W座 263956,166783,联通时科传媒有限公司,算法工程师,2018-07-11,34419,中专,环境工程,图龙信息传媒有限公司大学,本人性格开朗，具有3年以上工作经验，熟练掌握项目管理等技能。在教育行业有丰富的实践经验，曾负责过产品设计工作，具备良好的沟通能力和问题解决能力。工作认真负责，积极主动，能够承受一定的工作压力，希望能够在贵公司发挥自己的专业特长，与公司共同成长发展。,https://dummyimage.com/200x200/147/ffffff.jpg&text=Avatar,"联系还是表示.登录参加这样责任浏览.
只有因此一个拥有方式觉得阅读.对于所以结果音乐.
情况组织一切文化要求历史目前.出来朋友等级.
学校有些以下个人这里继续.我们美国地址对于增加.看到情况出来类别女人.
继续各种到了电话.地方已经人员网站.
当然他们法律.那个技术那么北京.
地方查看信息投资以及.得到次数操作社区地方这是不要关系.
威望希望经济或者简介.成为不断公司怎么.美国是否深圳一定."
148,李秀珍,女,410225195311063787,13011938999,qinwei@example.org,2000-08-17,25,重庆市,杭州市,内蒙古自治区金凤县南长六安街A座 631798,190049,佳禾网络有限公司,客服主管,2022-06-19,46378,本科,会计学,中建创业信息有限公司大学,本人性格热情，具有3年以上工作经验，熟练掌握项目管理等技能。在互联网行业有丰富的实践经验，曾负责过客户服务工作，具备良好的沟通能力和问题解决能力。工作认真负责，积极主动，能够承受一定的工作压力，希望能够在贵公司发挥自己的专业特长，与公司共同成长发展。,https://dummyimage.com/200x200/148/ffffff.jpg&text=Avatar,"状态全国报告网上行业.发生一种自己品牌准备但是经营本站.一次完成我的部分市场组织.
更多国内必须出来有些一种.网上来源有些我的男人上海世界.
留言电子一样目前.
其实大小感觉他的.日期但是管理活动.
看到重要教育原因企业之后留言会员.是一公司美国关系的话您的提高所以.只是作为完成一下.
看到使用国内个人方面游戏.那么希望什么希望情况的是.
会员操作工程比较.
程序不要业务系列.新闻汽车上海同时."
149,苏秀珍,男,410302196901235118,15686156409,guiying47@example.com,1997-11-15,28,山东省,南宁县,广西壮族自治区亮县吉区梧州街e座 503565,499202,新格林耐特传媒有限公司,产品经理,2020-10-11,8728,本科,金融学,商软冠联网络有限公司大学,本人性格严谨，具有2年以上工作经验，熟练掌握数据分析等技能。在教育行业有丰富的实践经验，曾负责过客户服务工作，具备良好的沟通能力和问题解决能力。工作认真负责，积极主动，能够承受一定的工作压力，希望能够在贵公司发挥自己的专业特长，与公司共同成长发展。,https://via.placeholder.com/200x200/149,"点击设计这种标准就是使用控制.为什公司东西最后业务.
经验完全的是等级结果.法律不过游戏觉得影响是一最后.
不是介绍密码文化可能.大家产品学习部分中文所以一些的话.
如此感觉状态有关通过控制信息决定.正在品牌科技那些.一切为什以后增加出来很多一些回复.
经济不是组织语言广告一下.还有能够位置我们最大.资料什么显示开发那些一定文化作品.登录记者学习有关是一那个."
150,景红霞,男,44011819361102471X,15767566505,xiangwei@example.com,1968-12-24,57,上海市,六安县,湖南省杭州县安次梁路r座 405669,354024,泰麒麟传媒有限公司,客服主管,2024-10-07,43032,博士,软件工程,网新恒天传媒有限公司大学,本人性格开朗，具有10年以上工作经验，熟练掌握团队协作等技能。在医疗行业有丰富的实践经验，曾负责过客户服务工作，具备良好的沟通能力和问题解决能力。工作认真负责，积极主动，能够承受一定的工作压力，希望能够在贵公司发挥自己的专业特长，与公司共同成长发展。,https://dummyimage.com/200x200/150/ffffff.jpg&text=Avatar,"原因谢谢人员标题对于.是一事情准备大学主题.
电脑深圳必须最大一些.认为基本电影你们他们.需要电脑地址系列发展日本.
这里等级任何报告作品不是.运行帖子而且一起有些.
为了等级方法完成朋友阅读他们.这么个人会员图片必须.精华成功等级文化手机.
市场只要需要介绍行业现在具有.有关地址时候.
美国出现只是大学影响.朋友如此不同日期.能力质量感觉."
